Name,Sport,Date,Start time,Duration,Total distance (km),Average heart rate (bpm),Average speed (km/h),Max speed (km/h),Average pace (min/km),Max pace (min/km),Calories,Fat percentage of calories(%),Average cadence (rpm),Average stride length (cm),Running index,Training load,Ascent (m),Descent (m),Average power (W),Max power (W),Notes,Height (cm),Weight (kg),HR max,HR sit,VO2max,
s yk,OTHER_INDOOR,02-03-2023,22:26:31,00:41:30,,81,,,,,175,,,,,,,,,,,170.0,70.0,195,55,55,
Sample rate,Time,HR (bpm),Speed (km/h),Pace (min/km),Cadence,Altitude (m),Stride length (m),Distances (m),Temperatures (C),Power (W),
1,00:00:00,115,,,,,,,,,
,00:00:01,114,,,,,,,,,
,00:00:02,112,,,,,,,,,
,00:00:03,111,,,,,,,,,
,00:00:04,109,,,,,,,,,
,00:00:05,107,,,,,,,,,
,00:00:06,106,,,,,,,,,
,00:00:07,107,,,,,,,,,
,00:00:08,108,,,,,,,,,
,00:00:09,109,,,,,,,,,
,00:00:10,110,,,,,,,,,
,00:00:11,109,,,,,,,,,
,00:00:12,108,,,,,,,,,
,00:00:13,107,,,,,,,,,
,00:00:14,106,,,,,,,,,
,00:00:15,105,,,,,,,,,
,00:00:16,104,,,,,,,,,
,00:00:17,104,,,,,,,,,
,00:00:18,103,,,,,,,,,
,00:00:19,102,,,,,,,,,
,00:00:20,101,,,,,,,,,
,00:00:21,99,,,,,,,,,
,00:00:22,98,,,,,,,,,
,00:00:23,95,,,,,,,,,
,00:00:24,93,,,,,,,,,
,00:00:25,89,,,,,,,,,
,00:00:26,86,,,,,,,,,
,00:00:27,83,,,,,,,,,
,00:00:28,80,,,,,,,,,
,00:00:29,78,,,,,,,,,
,00:00:30,77,,,,,,,,,
,00:00:31,76,,,,,,,,,
,00:00:32,76,,,,,,,,,
,00:00:33,75,,,,,,,,,
,00:00:34,75,,,,,,,,,
,00:00:35,74,,,,,,,,,
,00:00:36,74,,,,,,,,,
,00:00:37,73,,,,,,,,,
,00:00:38,72,,,,,,,,,
,00:00:39,71,,,,,,,,,
,00:00:40,70,,,,,,,,,
,00:00:41,68,,,,,,,,,
,00:00:42,66,,,,,,,,,
,00:00:43,66,,,,,,,,,
,00:00:44,65,,,,,,,,,
,00:00:45,65,,,,,,,,,
,00:00:46,65,,,,,,,,,
,00:00:47,65,,,,,,,,,
,00:00:48,66,,,,,,,,,
,00:00:49,67,,,,,,,,,
,00:00:50,68,,,,,,,,,
,00:00:51,69,,,,,,,,,
,00:00:52,69,,,,,,,,,
,00:00:53,70,,,,,,,,,
,00:00:54,71,,,,,,,,,
,00:00:55,72,,,,,,,,,
,00:00:56,72,,,,,,,,,
,00:00:57,73,,,,,,,,,
,00:00:58,74,,,,,,,,,
,00:00:59,73,,,,,,,,,
,00:01:00,72,,,,,,,,,
,00:01:01,72,,,,,,,,,
,00:01:02,71,,,,,,,,,
,00:01:03,71,,,,,,,,,
,00:01:04,71,,,,,,,,,
,00:01:05,71,,,,,,,,,
,00:01:06,71,,,,,,,,,
,00:01:07,71,,,,,,,,,
,00:01:08,71,,,,,,,,,
,00:01:09,70,,,,,,,,,
,00:01:10,69,,,,,,,,,
,00:01:11,69,,,,,,,,,
,00:01:12,68,,,,,,,,,
,00:01:13,67,,,,,,,,,
,00:01:14,67,,,,,,,,,
,00:01:15,67,,,,,,,,,
,00:01:16,67,,,,,,,,,
,00:01:17,67,,,,,,,,,
,00:01:18,67,,,,,,,,,
,00:01:19,67,,,,,,,,,
,00:01:20,68,,,,,,,,,
,00:01:21,69,,,,,,,,,
,00:01:22,70,,,,,,,,,
,00:01:23,71,,,,,,,,,
,00:01:24,72,,,,,,,,,
,00:01:25,73,,,,,,,,,
,00:01:26,73,,,,,,,,,
,00:01:27,74,,,,,,,,,
,00:01:28,74,,,,,,,,,
,00:01:29,73,,,,,,,,,
,00:01:30,73,,,,,,,,,
,00:01:31,73,,,,,,,,,
,00:01:32,73,,,,,,,,,
,00:01:33,73,,,,,,,,,
,00:01:34,73,,,,,,,,,
,00:01:35,74,,,,,,,,,
,00:01:36,74,,,,,,,,,
,00:01:37,74,,,,,,,,,
,00:01:38,74,,,,,,,,,
,00:01:39,73,,,,,,,,,
,00:01:40,72,,,,,,,,,
,00:01:41,72,,,,,,,,,
,00:01:42,71,,,,,,,,,
,00:01:43,71,,,,,,,,,
,00:01:44,71,,,,,,,,,
,00:01:45,71,,,,,,,,,
,00:01:46,71,,,,,,,,,
,00:01:47,71,,,,,,,,,
,00:01:48,71,,,,,,,,,
,00:01:49,71,,,,,,,,,
,00:01:50,71,,,,,,,,,
,00:01:51,73,,,,,,,,,
,00:01:52,74,,,,,,,,,
,00:01:53,75,,,,,,,,,
,00:01:54,75,,,,,,,,,
,00:01:55,75,,,,,,,,,
,00:01:56,75,,,,,,,,,
,00:01:57,76,,,,,,,,,
,00:01:58,76,,,,,,,,,
,00:01:59,76,,,,,,,,,
,00:02:00,75,,,,,,,,,
,00:02:01,74,,,,,,,,,
,00:02:02,72,,,,,,,,,
,00:02:03,71,,,,,,,,,
,00:02:04,70,,,,,,,,,
,00:02:05,69,,,,,,,,,
,00:02:06,68,,,,,,,,,
,00:02:07,68,,,,,,,,,
,00:02:08,67,,,,,,,,,
,00:02:09,68,,,,,,,,,
,00:02:10,68,,,,,,,,,
,00:02:11,68,,,,,,,,,
,00:02:12,68,,,,,,,,,
,00:02:13,67,,,,,,,,,
,00:02:14,67,,,,,,,,,
,00:02:15,67,,,,,,,,,
,00:02:16,67,,,,,,,,,
,00:02:17,66,,,,,,,,,
,00:02:18,66,,,,,,,,,
,00:02:19,66,,,,,,,,,
,00:02:20,66,,,,,,,,,
,00:02:21,66,,,,,,,,,
,00:02:22,67,,,,,,,,,
,00:02:23,68,,,,,,,,,
,00:02:24,69,,,,,,,,,
,00:02:25,70,,,,,,,,,
,00:02:26,71,,,,,,,,,
,00:02:27,72,,,,,,,,,
,00:02:28,73,,,,,,,,,
,00:02:29,74,,,,,,,,,
,00:02:30,75,,,,,,,,,
,00:02:31,76,,,,,,,,,
,00:02:32,76,,,,,,,,,
,00:02:33,77,,,,,,,,,
,00:02:34,78,,,,,,,,,
,00:02:35,79,,,,,,,,,
,00:02:36,80,,,,,,,,,
,00:02:37,80,,,,,,,,,
,00:02:38,81,,,,,,,,,
,00:02:39,81,,,,,,,,,
,00:02:40,82,,,,,,,,,
,00:02:41,82,,,,,,,,,
,00:02:42,82,,,,,,,,,
,00:02:43,82,,,,,,,,,
,00:02:44,83,,,,,,,,,
,00:02:45,84,,,,,,,,,
,00:02:46,84,,,,,,,,,
,00:02:47,85,,,,,,,,,
,00:02:48,85,,,,,,,,,
,00:02:49,84,,,,,,,,,
,00:02:50,83,,,,,,,,,
,00:02:51,83,,,,,,,,,
,00:02:52,82,,,,,,,,,
,00:02:53,81,,,,,,,,,
,00:02:54,79,,,,,,,,,
,00:02:55,78,,,,,,,,,
,00:02:56,76,,,,,,,,,
,00:02:57,76,,,,,,,,,
,00:02:58,74,,,,,,,,,
,00:02:59,73,,,,,,,,,
,00:03:00,72,,,,,,,,,
,00:03:01,71,,,,,,,,,
,00:03:02,71,,,,,,,,,
,00:03:03,72,,,,,,,,,
,00:03:04,72,,,,,,,,,
,00:03:05,72,,,,,,,,,
,00:03:06,72,,,,,,,,,
,00:03:07,70,,,,,,,,,
,00:03:08,69,,,,,,,,,
,00:03:09,68,,,,,,,,,
,00:03:10,68,,,,,,,,,
,00:03:11,68,,,,,,,,,
,00:03:12,67,,,,,,,,,
,00:03:13,67,,,,,,,,,
,00:03:14,67,,,,,,,,,
,00:03:15,67,,,,,,,,,
,00:03:16,67,,,,,,,,,
,00:03:17,68,,,,,,,,,
,00:03:18,69,,,,,,,,,
,00:03:19,69,,,,,,,,,
,00:03:20,69,,,,,,,,,
,00:03:21,70,,,,,,,,,
,00:03:22,70,,,,,,,,,
,00:03:23,71,,,,,,,,,
,00:03:24,71,,,,,,,,,
,00:03:25,70,,,,,,,,,
,00:03:26,70,,,,,,,,,
,00:03:27,69,,,,,,,,,
,00:03:28,68,,,,,,,,,
,00:03:29,67,,,,,,,,,
,00:03:30,67,,,,,,,,,
,00:03:31,66,,,,,,,,,
,00:03:32,66,,,,,,,,,
,00:03:33,67,,,,,,,,,
,00:03:34,67,,,,,,,,,
,00:03:35,69,,,,,,,,,
,00:03:36,70,,,,,,,,,
,00:03:37,71,,,,,,,,,
,00:03:38,72,,,,,,,,,
,00:03:39,74,,,,,,,,,
,00:03:40,75,,,,,,,,,
,00:03:41,75,,,,,,,,,
,00:03:42,75,,,,,,,,,
,00:03:43,77,,,,,,,,,
,00:03:44,77,,,,,,,,,
,00:03:45,76,,,,,,,,,
,00:03:46,76,,,,,,,,,
,00:03:47,76,,,,,,,,,
,00:03:48,74,,,,,,,,,
,00:03:49,73,,,,,,,,,
,00:03:50,72,,,,,,,,,
,00:03:51,71,,,,,,,,,
,00:03:52,69,,,,,,,,,
,00:03:53,69,,,,,,,,,
,00:03:54,67,,,,,,,,,
,00:03:55,67,,,,,,,,,
,00:03:56,66,,,,,,,,,
,00:03:57,66,,,,,,,,,
,00:03:58,66,,,,,,,,,
,00:03:59,66,,,,,,,,,
,00:04:00,66,,,,,,,,,
,00:04:01,66,,,,,,,,,
,00:04:02,66,,,,,,,,,
,00:04:03,65,,,,,,,,,
,00:04:04,65,,,,,,,,,
,00:04:05,64,,,,,,,,,
,00:04:06,65,,,,,,,,,
,00:04:07,65,,,,,,,,,
,00:04:08,65,,,,,,,,,
,00:04:09,65,,,,,,,,,
,00:04:10,66,,,,,,,,,
,00:04:11,66,,,,,,,,,
,00:04:12,66,,,,,,,,,
,00:04:13,65,,,,,,,,,
,00:04:14,64,,,,,,,,,
,00:04:15,64,,,,,,,,,
,00:04:16,63,,,,,,,,,
,00:04:17,63,,,,,,,,,
,00:04:18,63,,,,,,,,,
,00:04:19,63,,,,,,,,,
,00:04:20,63,,,,,,,,,
,00:04:21,62,,,,,,,,,
,00:04:22,63,,,,,,,,,
,00:04:23,64,,,,,,,,,
,00:04:24,64,,,,,,,,,
,00:04:25,64,,,,,,,,,
,00:04:26,63,,,,,,,,,
,00:04:27,62,,,,,,,,,
,00:04:28,63,,,,,,,,,
,00:04:29,63,,,,,,,,,
,00:04:30,63,,,,,,,,,
,00:04:31,62,,,,,,,,,
,00:04:32,63,,,,,,,,,
,00:04:33,63,,,,,,,,,
,00:04:34,63,,,,,,,,,
,00:04:35,64,,,,,,,,,
,00:04:36,65,,,,,,,,,
,00:04:37,65,,,,,,,,,
,00:04:38,65,,,,,,,,,
,00:04:39,66,,,,,,,,,
,00:04:40,66,,,,,,,,,
,00:04:41,66,,,,,,,,,
,00:04:42,66,,,,,,,,,
,00:04:43,66,,,,,,,,,
,00:04:44,66,,,,,,,,,
,00:04:45,66,,,,,,,,,
,00:04:46,66,,,,,,,,,
,00:04:47,65,,,,,,,,,
,00:04:48,65,,,,,,,,,
,00:04:49,65,,,,,,,,,
,00:04:50,65,,,,,,,,,
,00:04:51,66,,,,,,,,,
,00:04:52,66,,,,,,,,,
,00:04:53,66,,,,,,,,,
,00:04:54,67,,,,,,,,,
,00:04:55,67,,,,,,,,,
,00:04:56,68,,,,,,,,,
,00:04:57,69,,,,,,,,,
,00:04:58,70,,,,,,,,,
,00:04:59,73,,,,,,,,,
,00:05:00,75,,,,,,,,,
,00:05:01,76,,,,,,,,,
,00:05:02,77,,,,,,,,,
,00:05:03,77,,,,,,,,,
,00:05:04,76,,,,,,,,,
,00:05:05,77,,,,,,,,,
,00:05:06,77,,,,,,,,,
,00:05:07,78,,,,,,,,,
,00:05:08,79,,,,,,,,,
,00:05:09,79,,,,,,,,,
,00:05:10,80,,,,,,,,,
,00:05:11,80,,,,,,,,,
,00:05:12,81,,,,,,,,,
,00:05:13,81,,,,,,,,,
,00:05:14,82,,,,,,,,,
,00:05:15,82,,,,,,,,,
,00:05:16,83,,,,,,,,,
,00:05:17,84,,,,,,,,,
,00:05:18,85,,,,,,,,,
,00:05:19,86,,,,,,,,,
,00:05:20,87,,,,,,,,,
,00:05:21,88,,,,,,,,,
,00:05:22,89,,,,,,,,,
,00:05:23,91,,,,,,,,,
,00:05:24,92,,,,,,,,,
,00:05:25,93,,,,,,,,,
,00:05:26,93,,,,,,,,,
,00:05:27,93,,,,,,,,,
,00:05:28,94,,,,,,,,,
,00:05:29,94,,,,,,,,,
,00:05:30,94,,,,,,,,,
,00:05:31,94,,,,,,,,,
,00:05:32,94,,,,,,,,,
,00:05:33,94,,,,,,,,,
,00:05:34,94,,,,,,,,,
,00:05:35,94,,,,,,,,,
,00:05:36,94,,,,,,,,,
,00:05:37,95,,,,,,,,,
,00:05:38,96,,,,,,,,,
,00:05:39,98,,,,,,,,,
,00:05:40,99,,,,,,,,,
,00:05:41,100,,,,,,,,,
,00:05:42,101,,,,,,,,,
,00:05:43,100,,,,,,,,,
,00:05:44,99,,,,,,,,,
,00:05:45,98,,,,,,,,,
,00:05:46,97,,,,,,,,,
,00:05:47,95,,,,,,,,,
,00:05:48,93,,,,,,,,,
,00:05:49,92,,,,,,,,,
,00:05:50,91,,,,,,,,,
,00:05:51,90,,,,,,,,,
,00:05:52,90,,,,,,,,,
,00:05:53,89,,,,,,,,,
,00:05:54,88,,,,,,,,,
,00:05:55,87,,,,,,,,,
,00:05:56,87,,,,,,,,,
,00:05:57,86,,,,,,,,,
,00:05:58,86,,,,,,,,,
,00:05:59,87,,,,,,,,,
,00:06:00,87,,,,,,,,,
,00:06:01,88,,,,,,,,,
,00:06:02,89,,,,,,,,,
,00:06:03,90,,,,,,,,,
,00:06:04,91,,,,,,,,,
,00:06:05,92,,,,,,,,,
,00:06:06,93,,,,,,,,,
,00:06:07,95,,,,,,,,,
,00:06:08,96,,,,,,,,,
,00:06:09,97,,,,,,,,,
,00:06:10,98,,,,,,,,,
,00:06:11,98,,,,,,,,,
,00:06:12,98,,,,,,,,,
,00:06:13,98,,,,,,,,,
,00:06:14,97,,,,,,,,,
,00:06:15,97,,,,,,,,,
,00:06:16,97,,,,,,,,,
,00:06:17,98,,,,,,,,,
,00:06:18,99,,,,,,,,,
,00:06:19,100,,,,,,,,,
,00:06:20,101,,,,,,,,,
,00:06:21,103,,,,,,,,,
,00:06:22,104,,,,,,,,,
,00:06:23,105,,,,,,,,,
,00:06:24,106,,,,,,,,,
,00:06:25,107,,,,,,,,,
,00:06:26,107,,,,,,,,,
,00:06:27,108,,,,,,,,,
,00:06:28,109,,,,,,,,,
,00:06:29,110,,,,,,,,,
,00:06:30,111,,,,,,,,,
,00:06:31,113,,,,,,,,,
,00:06:32,114,,,,,,,,,
,00:06:33,116,,,,,,,,,
,00:06:34,118,,,,,,,,,
,00:06:35,119,,,,,,,,,
,00:06:36,120,,,,,,,,,
,00:06:37,120,,,,,,,,,
,00:06:38,121,,,,,,,,,
,00:06:39,121,,,,,,,,,
,00:06:40,122,,,,,,,,,
,00:06:41,121,,,,,,,,,
,00:06:42,121,,,,,,,,,
,00:06:43,121,,,,,,,,,
,00:06:44,120,,,,,,,,,
,00:06:45,120,,,,,,,,,
,00:06:46,120,,,,,,,,,
,00:06:47,119,,,,,,,,,
,00:06:48,118,,,,,,,,,
,00:06:49,119,,,,,,,,,
,00:06:50,119,,,,,,,,,
,00:06:51,120,,,,,,,,,
,00:06:52,120,,,,,,,,,
,00:06:53,120,,,,,,,,,
,00:06:54,119,,,,,,,,,
,00:06:55,118,,,,,,,,,
,00:06:56,118,,,,,,,,,
,00:06:57,117,,,,,,,,,
,00:06:58,116,,,,,,,,,
,00:06:59,116,,,,,,,,,
,00:07:00,115,,,,,,,,,
,00:07:01,114,,,,,,,,,
,00:07:02,113,,,,,,,,,
,00:07:03,113,,,,,,,,,
,00:07:04,112,,,,,,,,,
,00:07:05,111,,,,,,,,,
,00:07:06,110,,,,,,,,,
,00:07:07,110,,,,,,,,,
,00:07:08,109,,,,,,,,,
,00:07:09,108,,,,,,,,,
,00:07:10,108,,,,,,,,,
,00:07:11,107,,,,,,,,,
,00:07:12,106,,,,,,,,,
,00:07:13,105,,,,,,,,,
,00:07:14,103,,,,,,,,,
,00:07:15,101,,,,,,,,,
,00:07:16,100,,,,,,,,,
,00:07:17,98,,,,,,,,,
,00:07:18,96,,,,,,,,,
,00:07:19,92,,,,,,,,,
,00:07:20,89,,,,,,,,,
,00:07:21,87,,,,,,,,,
,00:07:22,86,,,,,,,,,
,00:07:23,85,,,,,,,,,
,00:07:24,85,,,,,,,,,
,00:07:25,85,,,,,,,,,
,00:07:26,85,,,,,,,,,
,00:07:27,85,,,,,,,,,
,00:07:28,85,,,,,,,,,
,00:07:29,86,,,,,,,,,
,00:07:30,86,,,,,,,,,
,00:07:31,87,,,,,,,,,
,00:07:32,88,,,,,,,,,
,00:07:33,89,,,,,,,,,
,00:07:34,90,,,,,,,,,
,00:07:35,91,,,,,,,,,
,00:07:36,91,,,,,,,,,
,00:07:37,91,,,,,,,,,
,00:07:38,91,,,,,,,,,
,00:07:39,90,,,,,,,,,
,00:07:40,90,,,,,,,,,
,00:07:41,89,,,,,,,,,
,00:07:42,89,,,,,,,,,
,00:07:43,88,,,,,,,,,
,00:07:44,87,,,,,,,,,
,00:07:45,86,,,,,,,,,
,00:07:46,85,,,,,,,,,
,00:07:47,84,,,,,,,,,
,00:07:48,83,,,,,,,,,
,00:07:49,83,,,,,,,,,
,00:07:50,83,,,,,,,,,
,00:07:51,84,,,,,,,,,
,00:07:52,84,,,,,,,,,
,00:07:53,84,,,,,,,,,
,00:07:54,84,,,,,,,,,
,00:07:55,84,,,,,,,,,
,00:07:56,84,,,,,,,,,
,00:07:57,84,,,,,,,,,
,00:07:58,84,,,,,,,,,
,00:07:59,84,,,,,,,,,
,00:08:00,84,,,,,,,,,
,00:08:01,83,,,,,,,,,
,00:08:02,83,,,,,,,,,
,00:08:03,82,,,,,,,,,
,00:08:04,81,,,,,,,,,
,00:08:05,81,,,,,,,,,
,00:08:06,81,,,,,,,,,
,00:08:07,81,,,,,,,,,
,00:08:08,81,,,,,,,,,
,00:08:09,81,,,,,,,,,
,00:08:10,81,,,,,,,,,
,00:08:11,81,,,,,,,,,
,00:08:12,80,,,,,,,,,
,00:08:13,79,,,,,,,,,
,00:08:14,79,,,,,,,,,
,00:08:15,78,,,,,,,,,
,00:08:16,78,,,,,,,,,
,00:08:17,78,,,,,,,,,
,00:08:18,78,,,,,,,,,
,00:08:19,78,,,,,,,,,
,00:08:20,78,,,,,,,,,
,00:08:21,78,,,,,,,,,
,00:08:22,77,,,,,,,,,
,00:08:23,77,,,,,,,,,
,00:08:24,76,,,,,,,,,
,00:08:25,76,,,,,,,,,
,00:08:26,76,,,,,,,,,
,00:08:27,76,,,,,,,,,
,00:08:28,77,,,,,,,,,
,00:08:29,78,,,,,,,,,
,00:08:30,78,,,,,,,,,
,00:08:31,78,,,,,,,,,
,00:08:32,77,,,,,,,,,
,00:08:33,76,,,,,,,,,
,00:08:34,75,,,,,,,,,
,00:08:35,75,,,,,,,,,
,00:08:36,75,,,,,,,,,
,00:08:37,76,,,,,,,,,
,00:08:38,77,,,,,,,,,
,00:08:39,78,,,,,,,,,
,00:08:40,79,,,,,,,,,
,00:08:41,80,,,,,,,,,
,00:08:42,80,,,,,,,,,
,00:08:43,79,,,,,,,,,
,00:08:44,78,,,,,,,,,
,00:08:45,78,,,,,,,,,
,00:08:46,77,,,,,,,,,
,00:08:47,79,,,,,,,,,
,00:08:48,80,,,,,,,,,
,00:08:49,82,,,,,,,,,
,00:08:50,83,,,,,,,,,
,00:08:51,82,,,,,,,,,
,00:08:52,82,,,,,,,,,
,00:08:53,80,,,,,,,,,
,00:08:54,79,,,,,,,,,
,00:08:55,78,,,,,,,,,
,00:08:56,77,,,,,,,,,
,00:08:57,75,,,,,,,,,
,00:08:58,74,,,,,,,,,
,00:08:59,74,,,,,,,,,
,00:09:00,73,,,,,,,,,
,00:09:01,74,,,,,,,,,
,00:09:02,74,,,,,,,,,
,00:09:03,74,,,,,,,,,
,00:09:04,75,,,,,,,,,
,00:09:05,75,,,,,,,,,
,00:09:06,75,,,,,,,,,
,00:09:07,75,,,,,,,,,
,00:09:08,75,,,,,,,,,
,00:09:09,76,,,,,,,,,
,00:09:10,77,,,,,,,,,
,00:09:11,78,,,,,,,,,
,00:09:12,79,,,,,,,,,
,00:09:13,80,,,,,,,,,
,00:09:14,81,,,,,,,,,
,00:09:15,83,,,,,,,,,
,00:09:16,84,,,,,,,,,
,00:09:17,87,,,,,,,,,
,00:09:18,89,,,,,,,,,
,00:09:19,89,,,,,,,,,
,00:09:20,89,,,,,,,,,
,00:09:21,89,,,,,,,,,
,00:09:22,88,,,,,,,,,
,00:09:23,88,,,,,,,,,
,00:09:24,87,,,,,,,,,
,00:09:25,86,,,,,,,,,
,00:09:26,85,,,,,,,,,
,00:09:27,84,,,,,,,,,
,00:09:28,83,,,,,,,,,
,00:09:29,82,,,,,,,,,
,00:09:30,81,,,,,,,,,
,00:09:31,82,,,,,,,,,
,00:09:32,83,,,,,,,,,
,00:09:33,84,,,,,,,,,
,00:09:34,84,,,,,,,,,
,00:09:35,85,,,,,,,,,
,00:09:36,85,,,,,,,,,
,00:09:37,85,,,,,,,,,
,00:09:38,85,,,,,,,,,
,00:09:39,85,,,,,,,,,
,00:09:40,85,,,,,,,,,
,00:09:41,85,,,,,,,,,
,00:09:42,85,,,,,,,,,
,00:09:43,86,,,,,,,,,
,00:09:44,86,,,,,,,,,
,00:09:45,86,,,,,,,,,
,00:09:46,86,,,,,,,,,
,00:09:47,86,,,,,,,,,
,00:09:48,87,,,,,,,,,
,00:09:49,87,,,,,,,,,
,00:09:50,87,,,,,,,,,
,00:09:51,87,,,,,,,,,
,00:09:52,87,,,,,,,,,
,00:09:53,87,,,,,,,,,
,00:09:54,87,,,,,,,,,
,00:09:55,87,,,,,,,,,
,00:09:56,87,,,,,,,,,
,00:09:57,87,,,,,,,,,
,00:09:58,86,,,,,,,,,
,00:09:59,86,,,,,,,,,
,00:10:00,85,,,,,,,,,
,00:10:01,85,,,,,,,,,
,00:10:02,85,,,,,,,,,
,00:10:03,85,,,,,,,,,
,00:10:04,86,,,,,,,,,
,00:10:05,86,,,,,,,,,
,00:10:06,86,,,,,,,,,
,00:10:07,85,,,,,,,,,
,00:10:08,85,,,,,,,,,
,00:10:09,84,,,,,,,,,
,00:10:10,83,,,,,,,,,
,00:10:11,83,,,,,,,,,
,00:10:12,82,,,,,,,,,
,00:10:13,82,,,,,,,,,
,00:10:14,82,,,,,,,,,
,00:10:15,81,,,,,,,,,
,00:10:16,81,,,,,,,,,
,00:10:17,81,,,,,,,,,
,00:10:18,81,,,,,,,,,
,00:10:19,82,,,,,,,,,
,00:10:20,82,,,,,,,,,
,00:10:21,82,,,,,,,,,
,00:10:22,82,,,,,,,,,
,00:10:23,81,,,,,,,,,
,00:10:24,81,,,,,,,,,
,00:10:25,81,,,,,,,,,
,00:10:26,81,,,,,,,,,
,00:10:27,81,,,,,,,,,
,00:10:28,81,,,,,,,,,
,00:10:29,80,,,,,,,,,
,00:10:30,79,,,,,,,,,
,00:10:31,78,,,,,,,,,
,00:10:32,77,,,,,,,,,
,00:10:33,78,,,,,,,,,
,00:10:34,78,,,,,,,,,
,00:10:35,78,,,,,,,,,
,00:10:36,77,,,,,,,,,
,00:10:37,78,,,,,,,,,
,00:10:38,78,,,,,,,,,
,00:10:39,78,,,,,,,,,
,00:10:40,79,,,,,,,,,
,00:10:41,79,,,,,,,,,
,00:10:42,80,,,,,,,,,
,00:10:43,81,,,,,,,,,
,00:10:44,82,,,,,,,,,
,00:10:45,83,,,,,,,,,
,00:10:46,85,,,,,,,,,
,00:10:47,86,,,,,,,,,
,00:10:48,88,,,,,,,,,
,00:10:49,89,,,,,,,,,
,00:10:50,91,,,,,,,,,
,00:10:51,93,,,,,,,,,
,00:10:52,94,,,,,,,,,
,00:10:53,96,,,,,,,,,
,00:10:54,98,,,,,,,,,
,00:10:55,99,,,,,,,,,
,00:10:56,100,,,,,,,,,
,00:10:57,100,,,,,,,,,
,00:10:58,100,,,,,,,,,
,00:10:59,101,,,,,,,,,
,00:11:00,101,,,,,,,,,
,00:11:01,101,,,,,,,,,
,00:11:02,101,,,,,,,,,
,00:11:03,101,,,,,,,,,
,00:11:04,101,,,,,,,,,
,00:11:05,101,,,,,,,,,
,00:11:06,101,,,,,,,,,
,00:11:07,100,,,,,,,,,
,00:11:08,100,,,,,,,,,
,00:11:09,99,,,,,,,,,
,00:11:10,98,,,,,,,,,
,00:11:11,98,,,,,,,,,
,00:11:12,97,,,,,,,,,
,00:11:13,94,,,,,,,,,
,00:11:14,92,,,,,,,,,
,00:11:15,87,,,,,,,,,
,00:11:16,83,,,,,,,,,
,00:11:17,79,,,,,,,,,
,00:11:18,76,,,,,,,,,
,00:11:19,74,,,,,,,,,
,00:11:20,72,,,,,,,,,
,00:11:21,71,,,,,,,,,
,00:11:22,70,,,,,,,,,
,00:11:23,69,,,,,,,,,
,00:11:24,69,,,,,,,,,
,00:11:25,69,,,,,,,,,
,00:11:26,69,,,,,,,,,
,00:11:27,69,,,,,,,,,
,00:11:28,69,,,,,,,,,
,00:11:29,69,,,,,,,,,
,00:11:30,69,,,,,,,,,
,00:11:31,69,,,,,,,,,
,00:11:32,70,,,,,,,,,
,00:11:33,70,,,,,,,,,
,00:11:34,70,,,,,,,,,
,00:11:35,71,,,,,,,,,
,00:11:36,71,,,,,,,,,
,00:11:37,71,,,,,,,,,
,00:11:38,70,,,,,,,,,
,00:11:39,70,,,,,,,,,
,00:11:40,69,,,,,,,,,
,00:11:41,69,,,,,,,,,
,00:11:42,68,,,,,,,,,
,00:11:43,68,,,,,,,,,
,00:11:44,67,,,,,,,,,
,00:11:45,66,,,,,,,,,
,00:11:46,66,,,,,,,,,
,00:11:47,66,,,,,,,,,
,00:11:48,65,,,,,,,,,
,00:11:49,65,,,,,,,,,
,00:11:50,65,,,,,,,,,
,00:11:51,66,,,,,,,,,
,00:11:52,66,,,,,,,,,
,00:11:53,66,,,,,,,,,
,00:11:54,66,,,,,,,,,
,00:11:55,67,,,,,,,,,
,00:11:56,67,,,,,,,,,
,00:11:57,67,,,,,,,,,
,00:11:58,67,,,,,,,,,
,00:11:59,67,,,,,,,,,
,00:12:00,66,,,,,,,,,
,00:12:01,66,,,,,,,,,
,00:12:02,66,,,,,,,,,
,00:12:03,66,,,,,,,,,
,00:12:04,65,,,,,,,,,
,00:12:05,65,,,,,,,,,
,00:12:06,65,,,,,,,,,
,00:12:07,66,,,,,,,,,
,00:12:08,67,,,,,,,,,
,00:12:09,68,,,,,,,,,
,00:12:10,69,,,,,,,,,
,00:12:11,70,,,,,,,,,
,00:12:12,72,,,,,,,,,
,00:12:13,73,,,,,,,,,
,00:12:14,74,,,,,,,,,
,00:12:15,76,,,,,,,,,
,00:12:16,77,,,,,,,,,
,00:12:17,78,,,,,,,,,
,00:12:18,80,,,,,,,,,
,00:12:19,82,,,,,,,,,
,00:12:20,83,,,,,,,,,
,00:12:21,85,,,,,,,,,
,00:12:22,87,,,,,,,,,
,00:12:23,88,,,,,,,,,
,00:12:24,90,,,,,,,,,
,00:12:25,91,,,,,,,,,
,00:12:26,92,,,,,,,,,
,00:12:27,91,,,,,,,,,
,00:12:28,90,,,,,,,,,
,00:12:29,89,,,,,,,,,
,00:12:30,88,,,,,,,,,
,00:12:31,87,,,,,,,,,
,00:12:32,86,,,,,,,,,
,00:12:33,86,,,,,,,,,
,00:12:34,86,,,,,,,,,
,00:12:35,85,,,,,,,,,
,00:12:36,85,,,,,,,,,
,00:12:37,85,,,,,,,,,
,00:12:38,84,,,,,,,,,
,00:12:39,83,,,,,,,,,
,00:12:40,83,,,,,,,,,
,00:12:41,83,,,,,,,,,
,00:12:42,83,,,,,,,,,
,00:12:43,83,,,,,,,,,
,00:12:44,84,,,,,,,,,
,00:12:45,84,,,,,,,,,
,00:12:46,85,,,,,,,,,
,00:12:47,85,,,,,,,,,
,00:12:48,86,,,,,,,,,
,00:12:49,85,,,,,,,,,
,00:12:50,85,,,,,,,,,
,00:12:51,85,,,,,,,,,
,00:12:52,85,,,,,,,,,
,00:12:53,85,,,,,,,,,
,00:12:54,85,,,,,,,,,
,00:12:55,86,,,,,,,,,
,00:12:56,86,,,,,,,,,
,00:12:57,87,,,,,,,,,
,00:12:58,87,,,,,,,,,
,00:12:59,87,,,,,,,,,
,00:13:00,87,,,,,,,,,
,00:13:01,87,,,,,,,,,
,00:13:02,86,,,,,,,,,
,00:13:03,86,,,,,,,,,
,00:13:04,85,,,,,,,,,
,00:13:05,84,,,,,,,,,
,00:13:06,84,,,,,,,,,
,00:13:07,83,,,,,,,,,
,00:13:08,83,,,,,,,,,
,00:13:09,83,,,,,,,,,
,00:13:10,83,,,,,,,,,
,00:13:11,83,,,,,,,,,
,00:13:12,84,,,,,,,,,
,00:13:13,85,,,,,,,,,
,00:13:14,86,,,,,,,,,
,00:13:15,86,,,,,,,,,
,00:13:16,87,,,,,,,,,
,00:13:17,87,,,,,,,,,
,00:13:18,87,,,,,,,,,
,00:13:19,86,,,,,,,,,
,00:13:20,86,,,,,,,,,
,00:13:21,85,,,,,,,,,
,00:13:22,85,,,,,,,,,
,00:13:23,85,,,,,,,,,
,00:13:24,85,,,,,,,,,
,00:13:25,85,,,,,,,,,
,00:13:26,86,,,,,,,,,
,00:13:27,86,,,,,,,,,
,00:13:28,86,,,,,,,,,
,00:13:29,86,,,,,,,,,
,00:13:30,86,,,,,,,,,
,00:13:31,86,,,,,,,,,
,00:13:32,86,,,,,,,,,
,00:13:33,86,,,,,,,,,
,00:13:34,86,,,,,,,,,
,00:13:35,85,,,,,,,,,
,00:13:36,85,,,,,,,,,
,00:13:37,85,,,,,,,,,
,00:13:38,84,,,,,,,,,
,00:13:39,83,,,,,,,,,
,00:13:40,82,,,,,,,,,
,00:13:41,82,,,,,,,,,
,00:13:42,81,,,,,,,,,
,00:13:43,81,,,,,,,,,
,00:13:44,81,,,,,,,,,
,00:13:45,81,,,,,,,,,
,00:13:46,82,,,,,,,,,
,00:13:47,82,,,,,,,,,
,00:13:48,82,,,,,,,,,
,00:13:49,82,,,,,,,,,
,00:13:50,82,,,,,,,,,
,00:13:51,81,,,,,,,,,
,00:13:52,80,,,,,,,,,
,00:13:53,80,,,,,,,,,
,00:13:54,79,,,,,,,,,
,00:13:55,79,,,,,,,,,
,00:13:56,79,,,,,,,,,
,00:13:57,79,,,,,,,,,
,00:13:58,80,,,,,,,,,
,00:13:59,81,,,,,,,,,
,00:14:00,81,,,,,,,,,
,00:14:01,82,,,,,,,,,
,00:14:02,83,,,,,,,,,
,00:14:03,84,,,,,,,,,
,00:14:04,84,,,,,,,,,
,00:14:05,85,,,,,,,,,
,00:14:06,85,,,,,,,,,
,00:14:07,86,,,,,,,,,
,00:14:08,86,,,,,,,,,
,00:14:09,87,,,,,,,,,
,00:14:10,87,,,,,,,,,
,00:14:11,88,,,,,,,,,
,00:14:12,89,,,,,,,,,
,00:14:13,90,,,,,,,,,
,00:14:14,91,,,,,,,,,
,00:14:15,92,,,,,,,,,
,00:14:16,93,,,,,,,,,
,00:14:17,93,,,,,,,,,
,00:14:18,94,,,,,,,,,
,00:14:19,93,,,,,,,,,
,00:14:20,93,,,,,,,,,
,00:14:21,93,,,,,,,,,
,00:14:22,92,,,,,,,,,
,00:14:23,92,,,,,,,,,
,00:14:24,92,,,,,,,,,
,00:14:25,92,,,,,,,,,
,00:14:26,92,,,,,,,,,
,00:14:27,92,,,,,,,,,
,00:14:28,92,,,,,,,,,
,00:14:29,92,,,,,,,,,
,00:14:30,92,,,,,,,,,
,00:14:31,92,,,,,,,,,
,00:14:32,92,,,,,,,,,
,00:14:33,91,,,,,,,,,
,00:14:34,91,,,,,,,,,
,00:14:35,90,,,,,,,,,
,00:14:36,89,,,,,,,,,
,00:14:37,88,,,,,,,,,
,00:14:38,87,,,,,,,,,
,00:14:39,86,,,,,,,,,
,00:14:40,86,,,,,,,,,
,00:14:41,85,,,,,,,,,
,00:14:42,85,,,,,,,,,
,00:14:43,85,,,,,,,,,
,00:14:44,85,,,,,,,,,
,00:14:45,85,,,,,,,,,
,00:14:46,84,,,,,,,,,
,00:14:47,83,,,,,,,,,
,00:14:48,82,,,,,,,,,
,00:14:49,81,,,,,,,,,
,00:14:50,80,,,,,,,,,
,00:14:51,81,,,,,,,,,
,00:14:52,81,,,,,,,,,
,00:14:53,81,,,,,,,,,
,00:14:54,82,,,,,,,,,
,00:14:55,82,,,,,,,,,
,00:14:56,82,,,,,,,,,
,00:14:57,83,,,,,,,,,
,00:14:58,83,,,,,,,,,
,00:14:59,83,,,,,,,,,
,00:15:00,83,,,,,,,,,
,00:15:01,83,,,,,,,,,
,00:15:02,83,,,,,,,,,
,00:15:03,82,,,,,,,,,
,00:15:04,82,,,,,,,,,
,00:15:05,81,,,,,,,,,
,00:15:06,81,,,,,,,,,
,00:15:07,81,,,,,,,,,
,00:15:08,80,,,,,,,,,
,00:15:09,80,,,,,,,,,
,00:15:10,80,,,,,,,,,
,00:15:11,79,,,,,,,,,
,00:15:12,79,,,,,,,,,
,00:15:13,78,,,,,,,,,
,00:15:14,77,,,,,,,,,
,00:15:15,76,,,,,,,,,
,00:15:16,75,,,,,,,,,
,00:15:17,75,,,,,,,,,
,00:15:18,74,,,,,,,,,
,00:15:19,74,,,,,,,,,
,00:15:20,75,,,,,,,,,
,00:15:21,75,,,,,,,,,
,00:15:22,76,,,,,,,,,
,00:15:23,76,,,,,,,,,
,00:15:24,76,,,,,,,,,
,00:15:25,77,,,,,,,,,
,00:15:26,77,,,,,,,,,
,00:15:27,78,,,,,,,,,
,00:15:28,79,,,,,,,,,
,00:15:29,80,,,,,,,,,
,00:15:30,80,,,,,,,,,
,00:15:31,81,,,,,,,,,
,00:15:32,82,,,,,,,,,
,00:15:33,82,,,,,,,,,
,00:15:34,83,,,,,,,,,
,00:15:35,83,,,,,,,,,
,00:15:36,84,,,,,,,,,
,00:15:37,85,,,,,,,,,
,00:15:38,86,,,,,,,,,
,00:15:39,86,,,,,,,,,
,00:15:40,87,,,,,,,,,
,00:15:41,87,,,,,,,,,
,00:15:42,87,,,,,,,,,
,00:15:43,87,,,,,,,,,
,00:15:44,87,,,,,,,,,
,00:15:45,87,,,,,,,,,
,00:15:46,87,,,,,,,,,
,00:15:47,88,,,,,,,,,
,00:15:48,88,,,,,,,,,
,00:15:49,88,,,,,,,,,
,00:15:50,88,,,,,,,,,
,00:15:51,88,,,,,,,,,
,00:15:52,88,,,,,,,,,
,00:15:53,89,,,,,,,,,
,00:15:54,90,,,,,,,,,
,00:15:55,89,,,,,,,,,
,00:15:56,89,,,,,,,,,
,00:15:57,89,,,,,,,,,
,00:15:58,88,,,,,,,,,
,00:15:59,88,,,,,,,,,
,00:16:00,87,,,,,,,,,
,00:16:01,86,,,,,,,,,
,00:16:02,86,,,,,,,,,
,00:16:03,86,,,,,,,,,
,00:16:04,87,,,,,,,,,
,00:16:05,87,,,,,,,,,
,00:16:06,88,,,,,,,,,
,00:16:07,88,,,,,,,,,
,00:16:08,88,,,,,,,,,
,00:16:09,88,,,,,,,,,
,00:16:10,88,,,,,,,,,
,00:16:11,87,,,,,,,,,
,00:16:12,87,,,,,,,,,
,00:16:13,86,,,,,,,,,
,00:16:14,86,,,,,,,,,
,00:16:15,86,,,,,,,,,
,00:16:16,86,,,,,,,,,
,00:16:17,87,,,,,,,,,
,00:16:18,87,,,,,,,,,
,00:16:19,88,,,,,,,,,
,00:16:20,89,,,,,,,,,
,00:16:21,89,,,,,,,,,
,00:16:22,89,,,,,,,,,
,00:16:23,88,,,,,,,,,
,00:16:24,88,,,,,,,,,
,00:16:25,87,,,,,,,,,
,00:16:26,87,,,,,,,,,
,00:16:27,87,,,,,,,,,
,00:16:28,88,,,,,,,,,
,00:16:29,89,,,,,,,,,
,00:16:30,90,,,,,,,,,
,00:16:31,90,,,,,,,,,
,00:16:32,91,,,,,,,,,
,00:16:33,91,,,,,,,,,
,00:16:34,91,,,,,,,,,
,00:16:35,91,,,,,,,,,
,00:16:36,91,,,,,,,,,
,00:16:37,92,,,,,,,,,
,00:16:38,92,,,,,,,,,
,00:16:39,92,,,,,,,,,
,00:16:40,93,,,,,,,,,
,00:16:41,92,,,,,,,,,
,00:16:42,92,,,,,,,,,
,00:16:43,92,,,,,,,,,
,00:16:44,91,,,,,,,,,
,00:16:45,91,,,,,,,,,
,00:16:46,91,,,,,,,,,
,00:16:47,92,,,,,,,,,
,00:16:48,92,,,,,,,,,
,00:16:49,92,,,,,,,,,
,00:16:50,93,,,,,,,,,
,00:16:51,93,,,,,,,,,
,00:16:52,93,,,,,,,,,
,00:16:53,92,,,,,,,,,
,00:16:54,91,,,,,,,,,
,00:16:55,90,,,,,,,,,
,00:16:56,89,,,,,,,,,
,00:16:57,88,,,,,,,,,
,00:16:58,86,,,,,,,,,
,00:16:59,87,,,,,,,,,
,00:17:00,89,,,,,,,,,
,00:17:01,90,,,,,,,,,
,00:17:02,90,,,,,,,,,
,00:17:03,91,,,,,,,,,
,00:17:04,91,,,,,,,,,
,00:17:05,90,,,,,,,,,
,00:17:06,90,,,,,,,,,
,00:17:07,90,,,,,,,,,
,00:17:08,89,,,,,,,,,
,00:17:09,89,,,,,,,,,
,00:17:10,89,,,,,,,,,
,00:17:11,89,,,,,,,,,
,00:17:12,89,,,,,,,,,
,00:17:13,90,,,,,,,,,
,00:17:14,91,,,,,,,,,
,00:17:15,91,,,,,,,,,
,00:17:16,92,,,,,,,,,
,00:17:17,92,,,,,,,,,
,00:17:18,92,,,,,,,,,
,00:17:19,92,,,,,,,,,
,00:17:20,92,,,,,,,,,
,00:17:21,91,,,,,,,,,
,00:17:22,90,,,,,,,,,
,00:17:23,89,,,,,,,,,
,00:17:24,88,,,,,,,,,
,00:17:25,86,,,,,,,,,
,00:17:26,85,,,,,,,,,
,00:17:27,85,,,,,,,,,
,00:17:28,84,,,,,,,,,
,00:17:29,83,,,,,,,,,
,00:17:30,83,,,,,,,,,
,00:17:31,82,,,,,,,,,
,00:17:32,81,,,,,,,,,
,00:17:33,80,,,,,,,,,
,00:17:34,79,,,,,,,,,
,00:17:35,78,,,,,,,,,
,00:17:36,77,,,,,,,,,
,00:17:37,77,,,,,,,,,
,00:17:38,76,,,,,,,,,
,00:17:39,77,,,,,,,,,
,00:17:40,78,,,,,,,,,
,00:17:41,78,,,,,,,,,
,00:17:42,78,,,,,,,,,
,00:17:43,78,,,,,,,,,
,00:17:44,77,,,,,,,,,
,00:17:45,76,,,,,,,,,
,00:17:46,75,,,,,,,,,
,00:17:47,74,,,,,,,,,
,00:17:48,72,,,,,,,,,
,00:17:49,71,,,,,,,,,
,00:17:50,71,,,,,,,,,
,00:17:51,71,,,,,,,,,
,00:17:52,71,,,,,,,,,
,00:17:53,71,,,,,,,,,
,00:17:54,71,,,,,,,,,
,00:17:55,71,,,,,,,,,
,00:17:56,70,,,,,,,,,
,00:17:57,70,,,,,,,,,
,00:17:58,69,,,,,,,,,
,00:17:59,68,,,,,,,,,
,00:18:00,67,,,,,,,,,
,00:18:01,66,,,,,,,,,
,00:18:02,65,,,,,,,,,
,00:18:03,65,,,,,,,,,
,00:18:04,65,,,,,,,,,
,00:18:05,66,,,,,,,,,
,00:18:06,67,,,,,,,,,
,00:18:07,68,,,,,,,,,
,00:18:08,69,,,,,,,,,
,00:18:09,70,,,,,,,,,
,00:18:10,71,,,,,,,,,
,00:18:11,72,,,,,,,,,
,00:18:12,73,,,,,,,,,
,00:18:13,73,,,,,,,,,
,00:18:14,73,,,,,,,,,
,00:18:15,73,,,,,,,,,
,00:18:16,73,,,,,,,,,
,00:18:17,73,,,,,,,,,
,00:18:18,73,,,,,,,,,
,00:18:19,73,,,,,,,,,
,00:18:20,72,,,,,,,,,
,00:18:21,72,,,,,,,,,
,00:18:22,71,,,,,,,,,
,00:18:23,70,,,,,,,,,
,00:18:24,70,,,,,,,,,
,00:18:25,69,,,,,,,,,
,00:18:26,68,,,,,,,,,
,00:18:27,68,,,,,,,,,
,00:18:28,67,,,,,,,,,
,00:18:29,67,,,,,,,,,
,00:18:30,67,,,,,,,,,
,00:18:31,67,,,,,,,,,
,00:18:32,68,,,,,,,,,
,00:18:33,68,,,,,,,,,
,00:18:34,69,,,,,,,,,
,00:18:35,70,,,,,,,,,
,00:18:36,71,,,,,,,,,
,00:18:37,72,,,,,,,,,
,00:18:38,73,,,,,,,,,
,00:18:39,74,,,,,,,,,
,00:18:40,75,,,,,,,,,
,00:18:41,76,,,,,,,,,
,00:18:42,77,,,,,,,,,
,00:18:43,76,,,,,,,,,
,00:18:44,75,,,,,,,,,
,00:18:45,74,,,,,,,,,
,00:18:46,74,,,,,,,,,
,00:18:47,73,,,,,,,,,
,00:18:48,72,,,,,,,,,
,00:18:49,72,,,,,,,,,
,00:18:50,72,,,,,,,,,
,00:18:51,71,,,,,,,,,
,00:18:52,71,,,,,,,,,
,00:18:53,71,,,,,,,,,
,00:18:54,71,,,,,,,,,
,00:18:55,71,,,,,,,,,
,00:18:56,71,,,,,,,,,
,00:18:57,71,,,,,,,,,
,00:18:58,70,,,,,,,,,
,00:18:59,70,,,,,,,,,
,00:19:00,70,,,,,,,,,
,00:19:01,69,,,,,,,,,
,00:19:02,69,,,,,,,,,
,00:19:03,69,,,,,,,,,
,00:19:04,68,,,,,,,,,
,00:19:05,68,,,,,,,,,
,00:19:06,68,,,,,,,,,
,00:19:07,69,,,,,,,,,
,00:19:08,69,,,,,,,,,
,00:19:09,68,,,,,,,,,
,00:19:10,68,,,,,,,,,
,00:19:11,69,,,,,,,,,
,00:19:12,69,,,,,,,,,
,00:19:13,69,,,,,,,,,
,00:19:14,70,,,,,,,,,
,00:19:15,70,,,,,,,,,
,00:19:16,71,,,,,,,,,
,00:19:17,71,,,,,,,,,
,00:19:18,71,,,,,,,,,
,00:19:19,71,,,,,,,,,
,00:19:20,72,,,,,,,,,
,00:19:21,73,,,,,,,,,
,00:19:22,73,,,,,,,,,
,00:19:23,74,,,,,,,,,
,00:19:24,75,,,,,,,,,
,00:19:25,77,,,,,,,,,
,00:19:26,78,,,,,,,,,
,00:19:27,79,,,,,,,,,
,00:19:28,80,,,,,,,,,
,00:19:29,79,,,,,,,,,
,00:19:30,79,,,,,,,,,
,00:19:31,78,,,,,,,,,
,00:19:32,78,,,,,,,,,
,00:19:33,77,,,,,,,,,
,00:19:34,76,,,,,,,,,
,00:19:35,76,,,,,,,,,
,00:19:36,75,,,,,,,,,
,00:19:37,74,,,,,,,,,
,00:19:38,74,,,,,,,,,
,00:19:39,73,,,,,,,,,
,00:19:40,72,,,,,,,,,
,00:19:41,72,,,,,,,,,
,00:19:42,71,,,,,,,,,
,00:19:43,70,,,,,,,,,
,00:19:44,70,,,,,,,,,
,00:19:45,69,,,,,,,,,
,00:19:46,69,,,,,,,,,
,00:19:47,68,,,,,,,,,
,00:19:48,68,,,,,,,,,
,00:19:49,68,,,,,,,,,
,00:19:50,67,,,,,,,,,
,00:19:51,67,,,,,,,,,
,00:19:52,67,,,,,,,,,
,00:19:53,67,,,,,,,,,
,00:19:54,67,,,,,,,,,
,00:19:55,67,,,,,,,,,
,00:19:56,67,,,,,,,,,
,00:19:57,67,,,,,,,,,
,00:19:58,67,,,,,,,,,
,00:19:59,67,,,,,,,,,
,00:20:00,67,,,,,,,,,
,00:20:01,66,,,,,,,,,
,00:20:02,65,,,,,,,,,
,00:20:03,65,,,,,,,,,
,00:20:04,64,,,,,,,,,
,00:20:05,65,,,,,,,,,
,00:20:06,65,,,,,,,,,
,00:20:07,66,,,,,,,,,
,00:20:08,67,,,,,,,,,
,00:20:09,68,,,,,,,,,
,00:20:10,69,,,,,,,,,
,00:20:11,70,,,,,,,,,
,00:20:12,71,,,,,,,,,
,00:20:13,72,,,,,,,,,
,00:20:14,72,,,,,,,,,
,00:20:15,71,,,,,,,,,
,00:20:16,69,,,,,,,,,
,00:20:17,69,,,,,,,,,
,00:20:18,68,,,,,,,,,
,00:20:19,68,,,,,,,,,
,00:20:20,68,,,,,,,,,
,00:20:21,68,,,,,,,,,
,00:20:22,68,,,,,,,,,
,00:20:23,68,,,,,,,,,
,00:20:24,68,,,,,,,,,
,00:20:25,67,,,,,,,,,
,00:20:26,67,,,,,,,,,
,00:20:27,66,,,,,,,,,
,00:20:28,65,,,,,,,,,
,00:20:29,64,,,,,,,,,
,00:20:30,64,,,,,,,,,
,00:20:31,64,,,,,,,,,
,00:20:32,64,,,,,,,,,
,00:20:33,66,,,,,,,,,
,00:20:34,66,,,,,,,,,
,00:20:35,67,,,,,,,,,
,00:20:36,67,,,,,,,,,
,00:20:37,67,,,,,,,,,
,00:20:38,67,,,,,,,,,
,00:20:39,66,,,,,,,,,
,00:20:40,65,,,,,,,,,
,00:20:41,64,,,,,,,,,
,00:20:42,63,,,,,,,,,
,00:20:43,63,,,,,,,,,
,00:20:44,63,,,,,,,,,
,00:20:45,64,,,,,,,,,
,00:20:46,65,,,,,,,,,
,00:20:47,67,,,,,,,,,
,00:20:48,68,,,,,,,,,
,00:20:49,68,,,,,,,,,
,00:20:50,68,,,,,,,,,
,00:20:51,67,,,,,,,,,
,00:20:52,66,,,,,,,,,
,00:20:53,65,,,,,,,,,
,00:20:54,65,,,,,,,,,
,00:20:55,64,,,,,,,,,
,00:20:56,63,,,,,,,,,
,00:20:57,63,,,,,,,,,
,00:20:58,63,,,,,,,,,
,00:20:59,63,,,,,,,,,
,00:21:00,63,,,,,,,,,
,00:21:01,64,,,,,,,,,
,00:21:02,65,,,,,,,,,
,00:21:03,65,,,,,,,,,
,00:21:04,65,,,,,,,,,
,00:21:05,65,,,,,,,,,
,00:21:06,65,,,,,,,,,
,00:21:07,66,,,,,,,,,
,00:21:08,66,,,,,,,,,
,00:21:09,66,,,,,,,,,
,00:21:10,66,,,,,,,,,
,00:21:11,65,,,,,,,,,
,00:21:12,65,,,,,,,,,
,00:21:13,65,,,,,,,,,
,00:21:14,64,,,,,,,,,
,00:21:15,64,,,,,,,,,
,00:21:16,64,,,,,,,,,
,00:21:17,65,,,,,,,,,
,00:21:18,66,,,,,,,,,
,00:21:19,68,,,,,,,,,
,00:21:20,69,,,,,,,,,
,00:21:21,69,,,,,,,,,
,00:21:22,70,,,,,,,,,
,00:21:23,70,,,,,,,,,
,00:21:24,70,,,,,,,,,
,00:21:25,71,,,,,,,,,
,00:21:26,71,,,,,,,,,
,00:21:27,72,,,,,,,,,
,00:21:28,73,,,,,,,,,
,00:21:29,74,,,,,,,,,
,00:21:30,75,,,,,,,,,
,00:21:31,75,,,,,,,,,
,00:21:32,76,,,,,,,,,
,00:21:33,77,,,,,,,,,
,00:21:34,77,,,,,,,,,
,00:21:35,77,,,,,,,,,
,00:21:36,77,,,,,,,,,
,00:21:37,77,,,,,,,,,
,00:21:38,76,,,,,,,,,
,00:21:39,76,,,,,,,,,
,00:21:40,76,,,,,,,,,
,00:21:41,75,,,,,,,,,
,00:21:42,75,,,,,,,,,
,00:21:43,75,,,,,,,,,
,00:21:44,74,,,,,,,,,
,00:21:45,74,,,,,,,,,
,00:21:46,74,,,,,,,,,
,00:21:47,74,,,,,,,,,
,00:21:48,74,,,,,,,,,
,00:21:49,73,,,,,,,,,
,00:21:50,73,,,,,,,,,
,00:21:51,73,,,,,,,,,
,00:21:52,72,,,,,,,,,
,00:21:53,72,,,,,,,,,
,00:21:54,72,,,,,,,,,
,00:21:55,71,,,,,,,,,
,00:21:56,70,,,,,,,,,
,00:21:57,70,,,,,,,,,
,00:21:58,69,,,,,,,,,
,00:21:59,69,,,,,,,,,
,00:22:00,68,,,,,,,,,
,00:22:01,69,,,,,,,,,
,00:22:02,69,,,,,,,,,
,00:22:03,70,,,,,,,,,
,00:22:04,70,,,,,,,,,
,00:22:05,71,,,,,,,,,
,00:22:06,71,,,,,,,,,
,00:22:07,72,,,,,,,,,
,00:22:08,72,,,,,,,,,
,00:22:09,73,,,,,,,,,
,00:22:10,73,,,,,,,,,
,00:22:11,74,,,,,,,,,
,00:22:12,74,,,,,,,,,
,00:22:13,73,,,,,,,,,
,00:22:14,73,,,,,,,,,
,00:22:15,72,,,,,,,,,
,00:22:16,72,,,,,,,,,
,00:22:17,74,,,,,,,,,
,00:22:18,75,,,,,,,,,
,00:22:19,76,,,,,,,,,
,00:22:20,77,,,,,,,,,
,00:22:21,76,,,,,,,,,
,00:22:22,75,,,,,,,,,
,00:22:23,73,,,,,,,,,
,00:22:24,72,,,,,,,,,
,00:22:25,71,,,,,,,,,
,00:22:26,71,,,,,,,,,
,00:22:27,71,,,,,,,,,
,00:22:28,71,,,,,,,,,
,00:22:29,70,,,,,,,,,
,00:22:30,69,,,,,,,,,
,00:22:31,68,,,,,,,,,
,00:22:32,67,,,,,,,,,
,00:22:33,66,,,,,,,,,
,00:22:34,65,,,,,,,,,
,00:22:35,63,,,,,,,,,
,00:22:36,63,,,,,,,,,
,00:22:37,63,,,,,,,,,
,00:22:38,63,,,,,,,,,
,00:22:39,63,,,,,,,,,
,00:22:40,63,,,,,,,,,
,00:22:41,64,,,,,,,,,
,00:22:42,64,,,,,,,,,
,00:22:43,64,,,,,,,,,
,00:22:44,65,,,,,,,,,
,00:22:45,66,,,,,,,,,
,00:22:46,67,,,,,,,,,
,00:22:47,68,,,,,,,,,
,00:22:48,69,,,,,,,,,
,00:22:49,68,,,,,,,,,
,00:22:50,67,,,,,,,,,
,00:22:51,69,,,,,,,,,
,00:22:52,70,,,,,,,,,
,00:22:53,71,,,,,,,,,
,00:22:54,72,,,,,,,,,
,00:22:55,73,,,,,,,,,
,00:22:56,73,,,,,,,,,
,00:22:57,74,,,,,,,,,
,00:22:58,75,,,,,,,,,
,00:22:59,75,,,,,,,,,
,00:23:00,76,,,,,,,,,
,00:23:01,78,,,,,,,,,
,00:23:02,80,,,,,,,,,
,00:23:03,80,,,,,,,,,
,00:23:04,79,,,,,,,,,
,00:23:05,79,,,,,,,,,
,00:23:06,78,,,,,,,,,
,00:23:07,77,,,,,,,,,
,00:23:08,77,,,,,,,,,
,00:23:09,77,,,,,,,,,
,00:23:10,76,,,,,,,,,
,00:23:11,77,,,,,,,,,
,00:23:12,78,,,,,,,,,
,00:23:13,78,,,,,,,,,
,00:23:14,79,,,,,,,,,
,00:23:15,79,,,,,,,,,
,00:23:16,80,,,,,,,,,
,00:23:17,79,,,,,,,,,
,00:23:18,79,,,,,,,,,
,00:23:19,78,,,,,,,,,
,00:23:20,78,,,,,,,,,
,00:23:21,78,,,,,,,,,
,00:23:22,78,,,,,,,,,
,00:23:23,78,,,,,,,,,
,00:23:24,79,,,,,,,,,
,00:23:25,79,,,,,,,,,
,00:23:26,80,,,,,,,,,
,00:23:27,80,,,,,,,,,
,00:23:28,81,,,,,,,,,
,00:23:29,81,,,,,,,,,
,00:23:30,81,,,,,,,,,
,00:23:31,82,,,,,,,,,
,00:23:32,82,,,,,,,,,
,00:23:33,83,,,,,,,,,
,00:23:34,84,,,,,,,,,
,00:23:35,85,,,,,,,,,
,00:23:36,85,,,,,,,,,
,00:23:37,86,,,,,,,,,
,00:23:38,86,,,,,,,,,
,00:23:39,87,,,,,,,,,
,00:23:40,87,,,,,,,,,
,00:23:41,87,,,,,,,,,
,00:23:42,87,,,,,,,,,
,00:23:43,88,,,,,,,,,
,00:23:44,88,,,,,,,,,
,00:23:45,88,,,,,,,,,
,00:23:46,88,,,,,,,,,
,00:23:47,88,,,,,,,,,
,00:23:48,88,,,,,,,,,
,00:23:49,87,,,,,,,,,
,00:23:50,86,,,,,,,,,
,00:23:51,84,,,,,,,,,
,00:23:52,83,,,,,,,,,
,00:23:53,83,,,,,,,,,
,00:23:54,83,,,,,,,,,
,00:23:55,83,,,,,,,,,
,00:23:56,84,,,,,,,,,
,00:23:57,84,,,,,,,,,
,00:23:58,84,,,,,,,,,
,00:23:59,85,,,,,,,,,
,00:24:00,85,,,,,,,,,
,00:24:01,85,,,,,,,,,
,00:24:02,86,,,,,,,,,
,00:24:03,87,,,,,,,,,
,00:24:04,88,,,,,,,,,
,00:24:05,89,,,,,,,,,
,00:24:06,90,,,,,,,,,
,00:24:07,90,,,,,,,,,
,00:24:08,91,,,,,,,,,
,00:24:09,90,,,,,,,,,
,00:24:10,89,,,,,,,,,
,00:24:11,87,,,,,,,,,
,00:24:12,86,,,,,,,,,
,00:24:13,86,,,,,,,,,
,00:24:14,87,,,,,,,,,
,00:24:15,87,,,,,,,,,
,00:24:16,87,,,,,,,,,
,00:24:17,87,,,,,,,,,
,00:24:18,87,,,,,,,,,
,00:24:19,87,,,,,,,,,
,00:24:20,87,,,,,,,,,
,00:24:21,87,,,,,,,,,
,00:24:22,87,,,,,,,,,
,00:24:23,87,,,,,,,,,
,00:24:24,87,,,,,,,,,
,00:24:25,87,,,,,,,,,
,00:24:26,87,,,,,,,,,
,00:24:27,86,,,,,,,,,
,00:24:28,86,,,,,,,,,
,00:24:29,86,,,,,,,,,
,00:24:30,86,,,,,,,,,
,00:24:31,87,,,,,,,,,
,00:24:32,87,,,,,,,,,
,00:24:33,89,,,,,,,,,
,00:24:34,90,,,,,,,,,
,00:24:35,90,,,,,,,,,
,00:24:36,91,,,,,,,,,
,00:24:37,91,,,,,,,,,
,00:24:38,91,,,,,,,,,
,00:24:39,92,,,,,,,,,
,00:24:40,92,,,,,,,,,
,00:24:41,92,,,,,,,,,
,00:24:42,93,,,,,,,,,
,00:24:43,94,,,,,,,,,
,00:24:44,94,,,,,,,,,
,00:24:45,94,,,,,,,,,
,00:24:46,94,,,,,,,,,
,00:24:47,94,,,,,,,,,
,00:24:48,94,,,,,,,,,
,00:24:49,93,,,,,,,,,
,00:24:50,93,,,,,,,,,
,00:24:51,93,,,,,,,,,
,00:24:52,93,,,,,,,,,
,00:24:53,93,,,,,,,,,
,00:24:54,93,,,,,,,,,
,00:24:55,93,,,,,,,,,
,00:24:56,92,,,,,,,,,
,00:24:57,92,,,,,,,,,
,00:24:58,91,,,,,,,,,
,00:24:59,91,,,,,,,,,
,00:25:00,90,,,,,,,,,
,00:25:01,90,,,,,,,,,
,00:25:02,90,,,,,,,,,
,00:25:03,91,,,,,,,,,
,00:25:04,91,,,,,,,,,
,00:25:05,91,,,,,,,,,
,00:25:06,90,,,,,,,,,
,00:25:07,91,,,,,,,,,
,00:25:08,91,,,,,,,,,
,00:25:09,92,,,,,,,,,
,00:25:10,92,,,,,,,,,
,00:25:11,93,,,,,,,,,
,00:25:12,93,,,,,,,,,
,00:25:13,93,,,,,,,,,
,00:25:14,93,,,,,,,,,
,00:25:15,92,,,,,,,,,
,00:25:16,92,,,,,,,,,
,00:25:17,92,,,,,,,,,
,00:25:18,92,,,,,,,,,
,00:25:19,93,,,,,,,,,
,00:25:20,93,,,,,,,,,
,00:25:21,93,,,,,,,,,
,00:25:22,93,,,,,,,,,
,00:25:23,94,,,,,,,,,
,00:25:24,94,,,,,,,,,
,00:25:25,94,,,,,,,,,
,00:25:26,94,,,,,,,,,
,00:25:27,94,,,,,,,,,
,00:25:28,94,,,,,,,,,
,00:25:29,94,,,,,,,,,
,00:25:30,95,,,,,,,,,
,00:25:31,94,,,,,,,,,
,00:25:32,94,,,,,,,,,
,00:25:33,94,,,,,,,,,
,00:25:34,94,,,,,,,,,
,00:25:35,93,,,,,,,,,
,00:25:36,93,,,,,,,,,
,00:25:37,92,,,,,,,,,
,00:25:38,92,,,,,,,,,
,00:25:39,90,,,,,,,,,
,00:25:40,89,,,,,,,,,
,00:25:41,87,,,,,,,,,
,00:25:42,85,,,,,,,,,
,00:25:43,83,,,,,,,,,
,00:25:44,82,,,,,,,,,
,00:25:45,81,,,,,,,,,
,00:25:46,81,,,,,,,,,
,00:25:47,79,,,,,,,,,
,00:25:48,78,,,,,,,,,
,00:25:49,78,,,,,,,,,
,00:25:50,77,,,,,,,,,
,00:25:51,77,,,,,,,,,
,00:25:52,76,,,,,,,,,
,00:25:53,77,,,,,,,,,
,00:25:54,78,,,,,,,,,
,00:25:55,77,,,,,,,,,
,00:25:56,77,,,,,,,,,
,00:25:57,77,,,,,,,,,
,00:25:58,77,,,,,,,,,
,00:25:59,78,,,,,,,,,
,00:26:00,79,,,,,,,,,
,00:26:01,79,,,,,,,,,
,00:26:02,79,,,,,,,,,
,00:26:03,80,,,,,,,,,
,00:26:04,81,,,,,,,,,
,00:26:05,82,,,,,,,,,
,00:26:06,83,,,,,,,,,
,00:26:07,85,,,,,,,,,
,00:26:08,87,,,,,,,,,
,00:26:09,86,,,,,,,,,
,00:26:10,85,,,,,,,,,
,00:26:11,85,,,,,,,,,
,00:26:12,84,,,,,,,,,
,00:26:13,84,,,,,,,,,
,00:26:14,83,,,,,,,,,
,00:26:15,83,,,,,,,,,
,00:26:16,82,,,,,,,,,
,00:26:17,81,,,,,,,,,
,00:26:18,81,,,,,,,,,
,00:26:19,81,,,,,,,,,
,00:26:20,80,,,,,,,,,
,00:26:21,80,,,,,,,,,
,00:26:22,81,,,,,,,,,
,00:26:23,81,,,,,,,,,
,00:26:24,81,,,,,,,,,
,00:26:25,81,,,,,,,,,
,00:26:26,81,,,,,,,,,
,00:26:27,82,,,,,,,,,
,00:26:28,83,,,,,,,,,
,00:26:29,84,,,,,,,,,
,00:26:30,84,,,,,,,,,
,00:26:31,84,,,,,,,,,
,00:26:32,85,,,,,,,,,
,00:26:33,85,,,,,,,,,
,00:26:34,85,,,,,,,,,
,00:26:35,85,,,,,,,,,
,00:26:36,85,,,,,,,,,
,00:26:37,86,,,,,,,,,
,00:26:38,86,,,,,,,,,
,00:26:39,86,,,,,,,,,
,00:26:40,86,,,,,,,,,
,00:26:41,86,,,,,,,,,
,00:26:42,86,,,,,,,,,
,00:26:43,87,,,,,,,,,
,00:26:44,87,,,,,,,,,
,00:26:45,87,,,,,,,,,
,00:26:46,86,,,,,,,,,
,00:26:47,86,,,,,,,,,
,00:26:48,85,,,,,,,,,
,00:26:49,84,,,,,,,,,
,00:26:50,84,,,,,,,,,
,00:26:51,83,,,,,,,,,
,00:26:52,83,,,,,,,,,
,00:26:53,81,,,,,,,,,
,00:26:54,80,,,,,,,,,
,00:26:55,79,,,,,,,,,
,00:26:56,78,,,,,,,,,
,00:26:57,78,,,,,,,,,
,00:26:58,78,,,,,,,,,
,00:26:59,78,,,,,,,,,
,00:27:00,78,,,,,,,,,
,00:27:01,78,,,,,,,,,
,00:27:02,77,,,,,,,,,
,00:27:03,77,,,,,,,,,
,00:27:04,78,,,,,,,,,
,00:27:05,78,,,,,,,,,
,00:27:06,78,,,,,,,,,
,00:27:07,79,,,,,,,,,
,00:27:08,80,,,,,,,,,
,00:27:09,81,,,,,,,,,
,00:27:10,82,,,,,,,,,
,00:27:11,83,,,,,,,,,
,00:27:12,85,,,,,,,,,
,00:27:13,84,,,,,,,,,
,00:27:14,84,,,,,,,,,
,00:27:15,84,,,,,,,,,
,00:27:16,85,,,,,,,,,
,00:27:17,85,,,,,,,,,
,00:27:18,85,,,,,,,,,
,00:27:19,86,,,,,,,,,
,00:27:20,87,,,,,,,,,
,00:27:21,88,,,,,,,,,
,00:27:22,89,,,,,,,,,
,00:27:23,90,,,,,,,,,
,00:27:24,91,,,,,,,,,
,00:27:25,93,,,,,,,,,
,00:27:26,94,,,,,,,,,
,00:27:27,95,,,,,,,,,
,00:27:28,96,,,,,,,,,
,00:27:29,97,,,,,,,,,
,00:27:30,98,,,,,,,,,
,00:27:31,99,,,,,,,,,
,00:27:32,100,,,,,,,,,
,00:27:33,101,,,,,,,,,
,00:27:34,103,,,,,,,,,
,00:27:35,105,,,,,,,,,
,00:27:36,106,,,,,,,,,
,00:27:37,108,,,,,,,,,
,00:27:38,109,,,,,,,,,
,00:27:39,111,,,,,,,,,
,00:27:40,112,,,,,,,,,
,00:27:41,112,,,,,,,,,
,00:27:42,113,,,,,,,,,
,00:27:43,112,,,,,,,,,
,00:27:44,112,,,,,,,,,
,00:27:45,112,,,,,,,,,
,00:27:46,112,,,,,,,,,
,00:27:47,112,,,,,,,,,
,00:27:48,112,,,,,,,,,
,00:27:49,113,,,,,,,,,
,00:27:50,113,,,,,,,,,
,00:27:51,114,,,,,,,,,
,00:27:52,114,,,,,,,,,
,00:27:53,115,,,,,,,,,
,00:27:54,115,,,,,,,,,
,00:27:55,116,,,,,,,,,
,00:27:56,116,,,,,,,,,
,00:27:57,117,,,,,,,,,
,00:27:58,118,,,,,,,,,
,00:27:59,119,,,,,,,,,
,00:28:00,120,,,,,,,,,
,00:28:01,121,,,,,,,,,
,00:28:02,122,,,,,,,,,
,00:28:03,123,,,,,,,,,
,00:28:04,123,,,,,,,,,
,00:28:05,123,,,,,,,,,
,00:28:06,124,,,,,,,,,
,00:28:07,124,,,,,,,,,
,00:28:08,124,,,,,,,,,
,00:28:09,125,,,,,,,,,
,00:28:10,125,,,,,,,,,
,00:28:11,125,,,,,,,,,
,00:28:12,126,,,,,,,,,
,00:28:13,125,,,,,,,,,
,00:28:14,125,,,,,,,,,
,00:28:15,124,,,,,,,,,
,00:28:16,124,,,,,,,,,
,00:28:17,124,,,,,,,,,
,00:28:18,123,,,,,,,,,
,00:28:19,123,,,,,,,,,
,00:28:20,122,,,,,,,,,
,00:28:21,121,,,,,,,,,
,00:28:22,120,,,,,,,,,
,00:28:23,120,,,,,,,,,
,00:28:24,119,,,,,,,,,
,00:28:25,119,,,,,,,,,
,00:28:26,118,,,,,,,,,
,00:28:27,118,,,,,,,,,
,00:28:28,118,,,,,,,,,
,00:28:29,117,,,,,,,,,
,00:28:30,117,,,,,,,,,
,00:28:31,116,,,,,,,,,
,00:28:32,116,,,,,,,,,
,00:28:33,115,,,,,,,,,
,00:28:34,115,,,,,,,,,
,00:28:35,114,,,,,,,,,
,00:28:36,114,,,,,,,,,
,00:28:37,114,,,,,,,,,
,00:28:38,113,,,,,,,,,
,00:28:39,113,,,,,,,,,
,00:28:40,113,,,,,,,,,
,00:28:41,112,,,,,,,,,
,00:28:42,112,,,,,,,,,
,00:28:43,111,,,,,,,,,
,00:28:44,111,,,,,,,,,
,00:28:45,110,,,,,,,,,
,00:28:46,110,,,,,,,,,
,00:28:47,110,,,,,,,,,
,00:28:48,110,,,,,,,,,
,00:28:49,110,,,,,,,,,
,00:28:50,109,,,,,,,,,
,00:28:51,108,,,,,,,,,
,00:28:52,108,,,,,,,,,
,00:28:53,107,,,,,,,,,
,00:28:54,106,,,,,,,,,
,00:28:55,105,,,,,,,,,
,00:28:56,105,,,,,,,,,
,00:28:57,104,,,,,,,,,
,00:28:58,103,,,,,,,,,
,00:28:59,103,,,,,,,,,
,00:29:00,103,,,,,,,,,
,00:29:01,102,,,,,,,,,
,00:29:02,100,,,,,,,,,
,00:29:03,99,,,,,,,,,
,00:29:04,97,,,,,,,,,
,00:29:05,96,,,,,,,,,
,00:29:06,94,,,,,,,,,
,00:29:07,93,,,,,,,,,
,00:29:08,92,,,,,,,,,
,00:29:09,91,,,,,,,,,
,00:29:10,90,,,,,,,,,
,00:29:11,90,,,,,,,,,
,00:29:12,89,,,,,,,,,
,00:29:13,89,,,,,,,,,
,00:29:14,88,,,,,,,,,
,00:29:15,88,,,,,,,,,
,00:29:16,87,,,,,,,,,
,00:29:17,87,,,,,,,,,
,00:29:18,87,,,,,,,,,
,00:29:19,86,,,,,,,,,
,00:29:20,86,,,,,,,,,
,00:29:21,86,,,,,,,,,
,00:29:22,86,,,,,,,,,
,00:29:23,85,,,,,,,,,
,00:29:24,85,,,,,,,,,
,00:29:25,85,,,,,,,,,
,00:29:26,84,,,,,,,,,
,00:29:27,84,,,,,,,,,
,00:29:28,83,,,,,,,,,
,00:29:29,83,,,,,,,,,
,00:29:30,83,,,,,,,,,
,00:29:31,83,,,,,,,,,
,00:29:32,84,,,,,,,,,
,00:29:33,84,,,,,,,,,
,00:29:34,84,,,,,,,,,
,00:29:35,85,,,,,,,,,
,00:29:36,85,,,,,,,,,
,00:29:37,86,,,,,,,,,
,00:29:38,87,,,,,,,,,
,00:29:39,88,,,,,,,,,
,00:29:40,88,,,,,,,,,
,00:29:41,88,,,,,,,,,
,00:29:42,88,,,,,,,,,
,00:29:43,87,,,,,,,,,
,00:29:44,87,,,,,,,,,
,00:29:45,86,,,,,,,,,
,00:29:46,85,,,,,,,,,
,00:29:47,84,,,,,,,,,
,00:29:48,84,,,,,,,,,
,00:29:49,83,,,,,,,,,
,00:29:50,82,,,,,,,,,
,00:29:51,82,,,,,,,,,
,00:29:52,82,,,,,,,,,
,00:29:53,81,,,,,,,,,
,00:29:54,80,,,,,,,,,
,00:29:55,80,,,,,,,,,
,00:29:56,79,,,,,,,,,
,00:29:57,79,,,,,,,,,
,00:29:58,79,,,,,,,,,
,00:29:59,78,,,,,,,,,
,00:30:00,78,,,,,,,,,
,00:30:01,79,,,,,,,,,
,00:30:02,79,,,,,,,,,
,00:30:03,79,,,,,,,,,
,00:30:04,79,,,,,,,,,
,00:30:05,79,,,,,,,,,
,00:30:06,79,,,,,,,,,
,00:30:07,79,,,,,,,,,
,00:30:08,79,,,,,,,,,
,00:30:09,79,,,,,,,,,
,00:30:10,79,,,,,,,,,
,00:30:11,80,,,,,,,,,
,00:30:12,80,,,,,,,,,
,00:30:13,81,,,,,,,,,
,00:30:14,81,,,,,,,,,
,00:30:15,82,,,,,,,,,
,00:30:16,82,,,,,,,,,
,00:30:17,82,,,,,,,,,
,00:30:18,82,,,,,,,,,
,00:30:19,81,,,,,,,,,
,00:30:20,80,,,,,,,,,
,00:30:21,79,,,,,,,,,
,00:30:22,78,,,,,,,,,
,00:30:23,77,,,,,,,,,
,00:30:24,77,,,,,,,,,
,00:30:25,76,,,,,,,,,
,00:30:26,76,,,,,,,,,
,00:30:27,76,,,,,,,,,
,00:30:28,75,,,,,,,,,
,00:30:29,75,,,,,,,,,
,00:30:30,75,,,,,,,,,
,00:30:31,77,,,,,,,,,
,00:30:32,78,,,,,,,,,
,00:30:33,78,,,,,,,,,
,00:30:34,79,,,,,,,,,
,00:30:35,79,,,,,,,,,
,00:30:36,79,,,,,,,,,
,00:30:37,79,,,,,,,,,
,00:30:38,79,,,,,,,,,
,00:30:39,79,,,,,,,,,
,00:30:40,78,,,,,,,,,
,00:30:41,78,,,,,,,,,
,00:30:42,79,,,,,,,,,
,00:30:43,79,,,,,,,,,
,00:30:44,79,,,,,,,,,
,00:30:45,79,,,,,,,,,
,00:30:46,79,,,,,,,,,
,00:30:47,79,,,,,,,,,
,00:30:48,79,,,,,,,,,
,00:30:49,79,,,,,,,,,
,00:30:50,78,,,,,,,,,
,00:30:51,77,,,,,,,,,
,00:30:52,77,,,,,,,,,
,00:30:53,75,,,,,,,,,
,00:30:54,74,,,,,,,,,
,00:30:55,72,,,,,,,,,
,00:30:56,71,,,,,,,,,
,00:30:57,70,,,,,,,,,
,00:30:58,69,,,,,,,,,
,00:30:59,68,,,,,,,,,
,00:31:00,67,,,,,,,,,
,00:31:01,67,,,,,,,,,
,00:31:02,66,,,,,,,,,
,00:31:03,66,,,,,,,,,
,00:31:04,66,,,,,,,,,
,00:31:05,66,,,,,,,,,
,00:31:06,66,,,,,,,,,
,00:31:07,66,,,,,,,,,
,00:31:08,65,,,,,,,,,
,00:31:09,65,,,,,,,,,
,00:31:10,65,,,,,,,,,
,00:31:11,65,,,,,,,,,
,00:31:12,66,,,,,,,,,
,00:31:13,67,,,,,,,,,
,00:31:14,68,,,,,,,,,
,00:31:15,68,,,,,,,,,
,00:31:16,69,,,,,,,,,
,00:31:17,70,,,,,,,,,
,00:31:18,70,,,,,,,,,
,00:31:19,71,,,,,,,,,
,00:31:20,71,,,,,,,,,
,00:31:21,71,,,,,,,,,
,00:31:22,72,,,,,,,,,
,00:31:23,72,,,,,,,,,
,00:31:24,72,,,,,,,,,
,00:31:25,72,,,,,,,,,
,00:31:26,72,,,,,,,,,
,00:31:27,71,,,,,,,,,
,00:31:28,71,,,,,,,,,
,00:31:29,70,,,,,,,,,
,00:31:30,70,,,,,,,,,
,00:31:31,70,,,,,,,,,
,00:31:32,71,,,,,,,,,
,00:31:33,72,,,,,,,,,
,00:31:34,72,,,,,,,,,
,00:31:35,72,,,,,,,,,
,00:31:36,73,,,,,,,,,
,00:31:37,73,,,,,,,,,
,00:31:38,74,,,,,,,,,
,00:31:39,75,,,,,,,,,
,00:31:40,75,,,,,,,,,
,00:31:41,76,,,,,,,,,
,00:31:42,77,,,,,,,,,
,00:31:43,77,,,,,,,,,
,00:31:44,78,,,,,,,,,
,00:31:45,79,,,,,,,,,
,00:31:46,79,,,,,,,,,
,00:31:47,81,,,,,,,,,
,00:31:48,82,,,,,,,,,
,00:31:49,84,,,,,,,,,
,00:31:50,86,,,,,,,,,
,00:31:51,89,,,,,,,,,
,00:31:52,91,,,,,,,,,
,00:31:53,93,,,,,,,,,
,00:31:54,94,,,,,,,,,
,00:31:55,95,,,,,,,,,
,00:31:56,95,,,,,,,,,
,00:31:57,96,,,,,,,,,
,00:31:58,96,,,,,,,,,
,00:31:59,97,,,,,,,,,
,00:32:00,97,,,,,,,,,
,00:32:01,98,,,,,,,,,
,00:32:02,98,,,,,,,,,
,00:32:03,98,,,,,,,,,
,00:32:04,98,,,,,,,,,
,00:32:05,98,,,,,,,,,
,00:32:06,98,,,,,,,,,
,00:32:07,97,,,,,,,,,
,00:32:08,96,,,,,,,,,
,00:32:09,95,,,,,,,,,
,00:32:10,94,,,,,,,,,
,00:32:11,92,,,,,,,,,
,00:32:12,91,,,,,,,,,
,00:32:13,90,,,,,,,,,
,00:32:14,89,,,,,,,,,
,00:32:15,88,,,,,,,,,
,00:32:16,87,,,,,,,,,
,00:32:17,86,,,,,,,,,
,00:32:18,86,,,,,,,,,
,00:32:19,86,,,,,,,,,
,00:32:20,86,,,,,,,,,
,00:32:21,86,,,,,,,,,
,00:32:22,87,,,,,,,,,
,00:32:23,88,,,,,,,,,
,00:32:24,89,,,,,,,,,
,00:32:25,89,,,,,,,,,
,00:32:26,90,,,,,,,,,
,00:32:27,90,,,,,,,,,
,00:32:28,90,,,,,,,,,
,00:32:29,89,,,,,,,,,
,00:32:30,89,,,,,,,,,
,00:32:31,88,,,,,,,,,
,00:32:32,87,,,,,,,,,
,00:32:33,86,,,,,,,,,
,00:32:34,86,,,,,,,,,
,00:32:35,86,,,,,,,,,
,00:32:36,86,,,,,,,,,
,00:32:37,86,,,,,,,,,
,00:32:38,87,,,,,,,,,
,00:32:39,88,,,,,,,,,
,00:32:40,89,,,,,,,,,
,00:32:41,89,,,,,,,,,
,00:32:42,89,,,,,,,,,
,00:32:43,88,,,,,,,,,
,00:32:44,88,,,,,,,,,
,00:32:45,88,,,,,,,,,
,00:32:46,88,,,,,,,,,
,00:32:47,89,,,,,,,,,
,00:32:48,89,,,,,,,,,
,00:32:49,90,,,,,,,,,
,00:32:50,91,,,,,,,,,
,00:32:51,92,,,,,,,,,
,00:32:52,93,,,,,,,,,
,00:32:53,94,,,,,,,,,
,00:32:54,95,,,,,,,,,
,00:32:55,94,,,,,,,,,
,00:32:56,92,,,,,,,,,
,00:32:57,92,,,,,,,,,
,00:32:58,92,,,,,,,,,
,00:32:59,92,,,,,,,,,
,00:33:00,92,,,,,,,,,
,00:33:01,91,,,,,,,,,
,00:33:02,91,,,,,,,,,
,00:33:03,91,,,,,,,,,
,00:33:04,90,,,,,,,,,
,00:33:05,90,,,,,,,,,
,00:33:06,90,,,,,,,,,
,00:33:07,90,,,,,,,,,
,00:33:08,89,,,,,,,,,
,00:33:09,89,,,,,,,,,
,00:33:10,89,,,,,,,,,
,00:33:11,88,,,,,,,,,
,00:33:12,88,,,,,,,,,
,00:33:13,87,,,,,,,,,
,00:33:14,86,,,,,,,,,
,00:33:15,84,,,,,,,,,
,00:33:16,83,,,,,,,,,
,00:33:17,81,,,,,,,,,
,00:33:18,79,,,,,,,,,
,00:33:19,76,,,,,,,,,
,00:33:20,73,,,,,,,,,
,00:33:21,71,,,,,,,,,
,00:33:22,70,,,,,,,,,
,00:33:23,69,,,,,,,,,
,00:33:24,69,,,,,,,,,
,00:33:25,69,,,,,,,,,
,00:33:26,69,,,,,,,,,
,00:33:27,69,,,,,,,,,
,00:33:28,70,,,,,,,,,
,00:33:29,70,,,,,,,,,
,00:33:30,70,,,,,,,,,
,00:33:31,70,,,,,,,,,
,00:33:32,70,,,,,,,,,
,00:33:33,70,,,,,,,,,
,00:33:34,70,,,,,,,,,
,00:33:35,70,,,,,,,,,
,00:33:36,70,,,,,,,,,
,00:33:37,70,,,,,,,,,
,00:33:38,70,,,,,,,,,
,00:33:39,69,,,,,,,,,
,00:33:40,69,,,,,,,,,
,00:33:41,68,,,,,,,,,
,00:33:42,68,,,,,,,,,
,00:33:43,67,,,,,,,,,
,00:33:44,67,,,,,,,,,
,00:33:45,67,,,,,,,,,
,00:33:46,67,,,,,,,,,
,00:33:47,67,,,,,,,,,
,00:33:48,68,,,,,,,,,
,00:33:49,68,,,,,,,,,
,00:33:50,68,,,,,,,,,
,00:33:51,69,,,,,,,,,
,00:33:52,70,,,,,,,,,
,00:33:53,71,,,,,,,,,
,00:33:54,72,,,,,,,,,
,00:33:55,73,,,,,,,,,
,00:33:56,74,,,,,,,,,
,00:33:57,76,,,,,,,,,
,00:33:58,77,,,,,,,,,
,00:33:59,79,,,,,,,,,
,00:34:00,80,,,,,,,,,
,00:34:01,81,,,,,,,,,
,00:34:02,83,,,,,,,,,
,00:34:03,84,,,,,,,,,
,00:34:04,85,,,,,,,,,
,00:34:05,89,,,,,,,,,
,00:34:06,91,,,,,,,,,
,00:34:07,91,,,,,,,,,
,00:34:08,90,,,,,,,,,
,00:34:09,89,,,,,,,,,
,00:34:10,89,,,,,,,,,
,00:34:11,88,,,,,,,,,
,00:34:12,88,,,,,,,,,
,00:34:13,88,,,,,,,,,
,00:34:14,88,,,,,,,,,
,00:34:15,87,,,,,,,,,
,00:34:16,87,,,,,,,,,
,00:34:17,86,,,,,,,,,
,00:34:18,86,,,,,,,,,
,00:34:19,85,,,,,,,,,
,00:34:20,85,,,,,,,,,
,00:34:21,86,,,,,,,,,
,00:34:22,86,,,,,,,,,
,00:34:23,86,,,,,,,,,
,00:34:24,86,,,,,,,,,
,00:34:25,86,,,,,,,,,
,00:34:26,86,,,,,,,,,
,00:34:27,86,,,,,,,,,
,00:34:28,85,,,,,,,,,
,00:34:29,84,,,,,,,,,
,00:34:30,83,,,,,,,,,
,00:34:31,83,,,,,,,,,
,00:34:32,82,,,,,,,,,
,00:34:33,82,,,,,,,,,
,00:34:34,81,,,,,,,,,
,00:34:35,82,,,,,,,,,
,00:34:36,82,,,,,,,,,
,00:34:37,83,,,,,,,,,
,00:34:38,84,,,,,,,,,
,00:34:39,84,,,,,,,,,
,00:34:40,85,,,,,,,,,
,00:34:41,85,,,,,,,,,
,00:34:42,85,,,,,,,,,
,00:34:43,85,,,,,,,,,
,00:34:44,86,,,,,,,,,
,00:34:45,86,,,,,,,,,
,00:34:46,86,,,,,,,,,
,00:34:47,86,,,,,,,,,
,00:34:48,87,,,,,,,,,
,00:34:49,87,,,,,,,,,
,00:34:50,88,,,,,,,,,
,00:34:51,88,,,,,,,,,
,00:34:52,89,,,,,,,,,
,00:34:53,89,,,,,,,,,
,00:34:54,90,,,,,,,,,
,00:34:55,90,,,,,,,,,
,00:34:56,90,,,,,,,,,
,00:34:57,90,,,,,,,,,
,00:34:58,90,,,,,,,,,
,00:34:59,91,,,,,,,,,
,00:35:00,91,,,,,,,,,
,00:35:01,91,,,,,,,,,
,00:35:02,90,,,,,,,,,
,00:35:03,90,,,,,,,,,
,00:35:04,91,,,,,,,,,
,00:35:05,91,,,,,,,,,
,00:35:06,91,,,,,,,,,
,00:35:07,90,,,,,,,,,
,00:35:08,89,,,,,,,,,
,00:35:09,88,,,,,,,,,
,00:35:10,88,,,,,,,,,
,00:35:11,87,,,,,,,,,
,00:35:12,86,,,,,,,,,
,00:35:13,86,,,,,,,,,
,00:35:14,87,,,,,,,,,
,00:35:15,87,,,,,,,,,
,00:35:16,87,,,,,,,,,
,00:35:17,87,,,,,,,,,
,00:35:18,88,,,,,,,,,
,00:35:19,87,,,,,,,,,
,00:35:20,87,,,,,,,,,
,00:35:21,87,,,,,,,,,
,00:35:22,87,,,,,,,,,
,00:35:23,87,,,,,,,,,
,00:35:24,87,,,,,,,,,
,00:35:25,87,,,,,,,,,
,00:35:26,86,,,,,,,,,
,00:35:27,85,,,,,,,,,
,00:35:28,85,,,,,,,,,
,00:35:29,84,,,,,,,,,
,00:35:30,83,,,,,,,,,
,00:35:31,83,,,,,,,,,
,00:35:32,82,,,,,,,,,
,00:35:33,80,,,,,,,,,
,00:35:34,78,,,,,,,,,
,00:35:35,76,,,,,,,,,
,00:35:36,75,,,,,,,,,
,00:35:37,72,,,,,,,,,
,00:35:38,70,,,,,,,,,
,00:35:39,69,,,,,,,,,
,00:35:40,68,,,,,,,,,
,00:35:41,68,,,,,,,,,
,00:35:42,67,,,,,,,,,
,00:35:43,66,,,,,,,,,
,00:35:44,66,,,,,,,,,
,00:35:45,66,,,,,,,,,
,00:35:46,66,,,,,,,,,
,00:35:47,66,,,,,,,,,
,00:35:48,67,,,,,,,,,
,00:35:49,67,,,,,,,,,
,00:35:50,68,,,,,,,,,
,00:35:51,68,,,,,,,,,
,00:35:52,68,,,,,,,,,
,00:35:53,68,,,,,,,,,
,00:35:54,68,,,,,,,,,
,00:35:55,68,,,,,,,,,
,00:35:56,68,,,,,,,,,
,00:35:57,69,,,,,,,,,
,00:35:58,69,,,,,,,,,
,00:35:59,70,,,,,,,,,
,00:36:00,70,,,,,,,,,
,00:36:01,71,,,,,,,,,
,00:36:02,72,,,,,,,,,
,00:36:03,72,,,,,,,,,
,00:36:04,72,,,,,,,,,
,00:36:05,73,,,,,,,,,
,00:36:06,74,,,,,,,,,
,00:36:07,74,,,,,,,,,
,00:36:08,74,,,,,,,,,
,00:36:09,74,,,,,,,,,
,00:36:10,75,,,,,,,,,
,00:36:11,75,,,,,,,,,
,00:36:12,75,,,,,,,,,
,00:36:13,75,,,,,,,,,
,00:36:14,75,,,,,,,,,
,00:36:15,75,,,,,,,,,
,00:36:16,75,,,,,,,,,
,00:36:17,74,,,,,,,,,
,00:36:18,74,,,,,,,,,
,00:36:19,75,,,,,,,,,
,00:36:20,75,,,,,,,,,
,00:36:21,75,,,,,,,,,
,00:36:22,76,,,,,,,,,
,00:36:23,77,,,,,,,,,
,00:36:24,77,,,,,,,,,
,00:36:25,78,,,,,,,,,
,00:36:26,79,,,,,,,,,
,00:36:27,80,,,,,,,,,
,00:36:28,81,,,,,,,,,
,00:36:29,81,,,,,,,,,
,00:36:30,81,,,,,,,,,
,00:36:31,81,,,,,,,,,
,00:36:32,80,,,,,,,,,
,00:36:33,81,,,,,,,,,
,00:36:34,81,,,,,,,,,
,00:36:35,82,,,,,,,,,
,00:36:36,83,,,,,,,,,
,00:36:37,83,,,,,,,,,
,00:36:38,83,,,,,,,,,
,00:36:39,84,,,,,,,,,
,00:36:40,84,,,,,,,,,
,00:36:41,84,,,,,,,,,
,00:36:42,85,,,,,,,,,
,00:36:43,84,,,,,,,,,
,00:36:44,84,,,,,,,,,
,00:36:45,85,,,,,,,,,
,00:36:46,86,,,,,,,,,
,00:36:47,86,,,,,,,,,
,00:36:48,87,,,,,,,,,
,00:36:49,88,,,,,,,,,
,00:36:50,89,,,,,,,,,
,00:36:51,89,,,,,,,,,
,00:36:52,90,,,,,,,,,
,00:36:53,90,,,,,,,,,
,00:36:54,91,,,,,,,,,
,00:36:55,92,,,,,,,,,
,00:36:56,93,,,,,,,,,
,00:36:57,94,,,,,,,,,
,00:36:58,95,,,,,,,,,
,00:36:59,94,,,,,,,,,
,00:37:00,94,,,,,,,,,
,00:37:01,93,,,,,,,,,
,00:37:02,93,,,,,,,,,
,00:37:03,92,,,,,,,,,
,00:37:04,91,,,,,,,,,
,00:37:05,91,,,,,,,,,
,00:37:06,91,,,,,,,,,
,00:37:07,92,,,,,,,,,
,00:37:08,93,,,,,,,,,
,00:37:09,93,,,,,,,,,
,00:37:10,93,,,,,,,,,
,00:37:11,94,,,,,,,,,
,00:37:12,94,,,,,,,,,
,00:37:13,93,,,,,,,,,
,00:37:14,93,,,,,,,,,
,00:37:15,93,,,,,,,,,
,00:37:16,93,,,,,,,,,
,00:37:17,93,,,,,,,,,
,00:37:18,93,,,,,,,,,
,00:37:19,93,,,,,,,,,
,00:37:20,94,,,,,,,,,
,00:37:21,94,,,,,,,,,
,00:37:22,94,,,,,,,,,
,00:37:23,94,,,,,,,,,
,00:37:24,94,,,,,,,,,
,00:37:25,93,,,,,,,,,
,00:37:26,93,,,,,,,,,
,00:37:27,92,,,,,,,,,
,00:37:28,91,,,,,,,,,
,00:37:29,91,,,,,,,,,
,00:37:30,90,,,,,,,,,
,00:37:31,91,,,,,,,,,
,00:37:32,92,,,,,,,,,
,00:37:33,93,,,,,,,,,
,00:37:34,93,,,,,,,,,
,00:37:35,94,,,,,,,,,
,00:37:36,94,,,,,,,,,
,00:37:37,95,,,,,,,,,
,00:37:38,96,,,,,,,,,
,00:37:39,96,,,,,,,,,
,00:37:40,96,,,,,,,,,
,00:37:41,95,,,,,,,,,
,00:37:42,95,,,,,,,,,
,00:37:43,95,,,,,,,,,
,00:37:44,94,,,,,,,,,
,00:37:45,94,,,,,,,,,
,00:37:46,93,,,,,,,,,
,00:37:47,93,,,,,,,,,
,00:37:48,92,,,,,,,,,
,00:37:49,91,,,,,,,,,
,00:37:50,90,,,,,,,,,
,00:37:51,85,,,,,,,,,
,00:37:52,81,,,,,,,,,
,00:37:53,77,,,,,,,,,
,00:37:54,74,,,,,,,,,
,00:37:55,72,,,,,,,,,
,00:37:56,71,,,,,,,,,
,00:37:57,70,,,,,,,,,
,00:37:58,70,,,,,,,,,
,00:37:59,69,,,,,,,,,
,00:38:00,69,,,,,,,,,
,00:38:01,68,,,,,,,,,
,00:38:02,68,,,,,,,,,
,00:38:03,68,,,,,,,,,
,00:38:04,68,,,,,,,,,
,00:38:05,68,,,,,,,,,
,00:38:06,69,,,,,,,,,
,00:38:07,69,,,,,,,,,
,00:38:08,69,,,,,,,,,
,00:38:09,70,,,,,,,,,
,00:38:10,70,,,,,,,,,
,00:38:11,71,,,,,,,,,
,00:38:12,72,,,,,,,,,
,00:38:13,72,,,,,,,,,
,00:38:14,73,,,,,,,,,
,00:38:15,72,,,,,,,,,
,00:38:16,71,,,,,,,,,
,00:38:17,70,,,,,,,,,
,00:38:18,69,,,,,,,,,
,00:38:19,68,,,,,,,,,
,00:38:20,67,,,,,,,,,
,00:38:21,67,,,,,,,,,
,00:38:22,66,,,,,,,,,
,00:38:23,66,,,,,,,,,
,00:38:24,66,,,,,,,,,
,00:38:25,66,,,,,,,,,
,00:38:26,66,,,,,,,,,
,00:38:27,67,,,,,,,,,
,00:38:28,67,,,,,,,,,
,00:38:29,67,,,,,,,,,
,00:38:30,68,,,,,,,,,
,00:38:31,68,,,,,,,,,
,00:38:32,68,,,,,,,,,
,00:38:33,68,,,,,,,,,
,00:38:34,68,,,,,,,,,
,00:38:35,68,,,,,,,,,
,00:38:36,68,,,,,,,,,
,00:38:37,69,,,,,,,,,
,00:38:38,69,,,,,,,,,
,00:38:39,69,,,,,,,,,
,00:38:40,70,,,,,,,,,
,00:38:41,71,,,,,,,,,
,00:38:42,72,,,,,,,,,
,00:38:43,71,,,,,,,,,
,00:38:44,70,,,,,,,,,
,00:38:45,69,,,,,,,,,
,00:38:46,69,,,,,,,,,
,00:38:47,68,,,,,,,,,
,00:38:48,68,,,,,,,,,
,00:38:49,68,,,,,,,,,
,00:38:50,68,,,,,,,,,
,00:38:51,68,,,,,,,,,
,00:38:52,67,,,,,,,,,
,00:38:53,67,,,,,,,,,
,00:38:54,66,,,,,,,,,
,00:38:55,67,,,,,,,,,
,00:38:56,67,,,,,,,,,
,00:38:57,68,,,,,,,,,
,00:38:58,68,,,,,,,,,
,00:38:59,69,,,,,,,,,
,00:39:00,70,,,,,,,,,
,00:39:01,72,,,,,,,,,
,00:39:02,73,,,,,,,,,
,00:39:03,77,,,,,,,,,
,00:39:04,80,,,,,,,,,
,00:39:05,83,,,,,,,,,
,00:39:06,84,,,,,,,,,
,00:39:07,85,,,,,,,,,
,00:39:08,86,,,,,,,,,
,00:39:09,85,,,,,,,,,
,00:39:10,84,,,,,,,,,
,00:39:11,84,,,,,,,,,
,00:39:12,84,,,,,,,,,
,00:39:13,83,,,,,,,,,
,00:39:14,83,,,,,,,,,
,00:39:15,84,,,,,,,,,
,00:39:16,84,,,,,,,,,
,00:39:17,84,,,,,,,,,
,00:39:18,85,,,,,,,,,
,00:39:19,85,,,,,,,,,
,00:39:20,86,,,,,,,,,
,00:39:21,86,,,,,,,,,
,00:39:22,86,,,,,,,,,
,00:39:23,86,,,,,,,,,
,00:39:24,86,,,,,,,,,
,00:39:25,86,,,,,,,,,
,00:39:26,87,,,,,,,,,
,00:39:27,87,,,,,,,,,
,00:39:28,87,,,,,,,,,
,00:39:29,88,,,,,,,,,
,00:39:30,88,,,,,,,,,
,00:39:31,88,,,,,,,,,
,00:39:32,88,,,,,,,,,
,00:39:33,88,,,,,,,,,
,00:39:34,89,,,,,,,,,
,00:39:35,89,,,,,,,,,
,00:39:36,89,,,,,,,,,
,00:39:37,89,,,,,,,,,
,00:39:38,89,,,,,,,,,
,00:39:39,89,,,,,,,,,
,00:39:40,89,,,,,,,,,
,00:39:41,88,,,,,,,,,
,00:39:42,88,,,,,,,,,
,00:39:43,88,,,,,,,,,
,00:39:44,87,,,,,,,,,
,00:39:45,87,,,,,,,,,
,00:39:46,87,,,,,,,,,
,00:39:47,87,,,,,,,,,
,00:39:48,87,,,,,,,,,
,00:39:49,86,,,,,,,,,
,00:39:50,85,,,,,,,,,
,00:39:51,84,,,,,,,,,
,00:39:52,84,,,,,,,,,
,00:39:53,83,,,,,,,,,
,00:39:54,83,,,,,,,,,
,00:39:55,83,,,,,,,,,
,00:39:56,82,,,,,,,,,
,00:39:57,82,,,,,,,,,
,00:39:58,82,,,,,,,,,
,00:39:59,82,,,,,,,,,
,00:40:00,82,,,,,,,,,
,00:40:01,82,,,,,,,,,
,00:40:02,82,,,,,,,,,
,00:40:03,83,,,,,,,,,
,00:40:04,83,,,,,,,,,
,00:40:05,83,,,,,,,,,
,00:40:06,84,,,,,,,,,
,00:40:07,85,,,,,,,,,
,00:40:08,85,,,,,,,,,
,00:40:09,85,,,,,,,,,
,00:40:10,85,,,,,,,,,
,00:40:11,86,,,,,,,,,
,00:40:12,86,,,,,,,,,
,00:40:13,86,,,,,,,,,
,00:40:14,87,,,,,,,,,
,00:40:15,87,,,,,,,,,
,00:40:16,86,,,,,,,,,
,00:40:17,86,,,,,,,,,
,00:40:18,86,,,,,,,,,
,00:40:19,86,,,,,,,,,
,00:40:20,86,,,,,,,,,
,00:40:21,86,,,,,,,,,
,00:40:22,85,,,,,,,,,
,00:40:23,84,,,,,,,,,
,00:40:24,84,,,,,,,,,
,00:40:25,82,,,,,,,,,
,00:40:26,81,,,,,,,,,
,00:40:27,78,,,,,,,,,
,00:40:28,77,,,,,,,,,
,00:40:29,76,,,,,,,,,
,00:40:30,75,,,,,,,,,
,00:40:31,74,,,,,,,,,
,00:40:32,73,,,,,,,,,
,00:40:33,72,,,,,,,,,
,00:40:34,72,,,,,,,,,
,00:40:35,70,,,,,,,,,
,00:40:36,69,,,,,,,,,
,00:40:37,69,,,,,,,,,
,00:40:38,69,,,,,,,,,
,00:40:39,68,,,,,,,,,
,00:40:40,68,,,,,,,,,
,00:40:41,68,,,,,,,,,
,00:40:42,68,,,,,,,,,
,00:40:43,69,,,,,,,,,
,00:40:44,69,,,,,,,,,
,00:40:45,69,,,,,,,,,
,00:40:46,69,,,,,,,,,
,00:40:47,69,,,,,,,,,
,00:40:48,69,,,,,,,,,
,00:40:49,69,,,,,,,,,
,00:40:50,69,,,,,,,,,
,00:40:51,69,,,,,,,,,
,00:40:52,69,,,,,,,,,
,00:40:53,69,,,,,,,,,
,00:40:54,69,,,,,,,,,
,00:40:55,69,,,,,,,,,
,00:40:56,68,,,,,,,,,
,00:40:57,68,,,,,,,,,
,00:40:58,68,,,,,,,,,
,00:40:59,68,,,,,,,,,
,00:41:00,68,,,,,,,,,
,00:41:01,68,,,,,,,,,
,00:41:02,68,,,,,,,,,
,00:41:03,68,,,,,,,,,
,00:41:04,67,,,,,,,,,
,00:41:05,67,,,,,,,,,
,00:41:06,67,,,,,,,,,
,00:41:07,67,,,,,,,,,
,00:41:08,67,,,,,,,,,
,00:41:09,67,,,,,,,,,
,00:41:10,67,,,,,,,,,
,00:41:11,67,,,,,,,,,
,00:41:12,67,,,,,,,,,
,00:41:13,67,,,,,,,,,
,00:41:14,68,,,,,,,,,
,00:41:15,68,,,,,,,,,
,00:41:16,67,,,,,,,,,
,00:41:17,67,,,,,,,,,
,00:41:18,67,,,,,,,,,
,00:41:19,67,,,,,,,,,
,00:41:20,67,,,,,,,,,
,00:41:21,67,,,,,,,,,
,00:41:22,68,,,,,,,,,
,00:41:23,68,,,,,,,,,
,00:41:24,68,,,,,,,,,
,00:41:25,68,,,,,,,,,
,00:41:26,68,,,,,,,,,
,00:41:27,67,,,,,,,,,
,00:41:28,67,,,,,,,,,
,00:41:29,68,,,,,,,,,
,00:41:30,68,,,,,,,,,
